SimTicketID,Time,Level,State,Technician
1,76.93467532691183,,Arrived,
1,76.93467532691183,1.0,Waiting for L1,
1,76.93467532691183,1.0,In service at L1,L1-Tech-1
1,136.93467532691182,1.0,Finished L1,L1-Tech-1
1,136.93467532691182,,Completed,
2,153.247027322888,,Arrived,
2,153.247027322888,1.0,Waiting for L1,
2,153.247027322888,1.0,In service at L1,L1-Tech-2
3,162.20044459813866,,Arrived,
3,162.20044459813866,1.0,Waiting for L1,
3,162.20044459813866,1.0,In service at L1,L1-Tech-3
2,181.247027322888,1.0,Finished L1,L1-Tech-2
2,181.247027322888,2.0,Waiting for L2,
2,181.247027322888,2.0,In service at L2,L2-Tech-1
3,200.20044459813866,1.0,Finished L1,L1-Tech-3
3,200.20044459813866,2.0,Waiting for L2,
3,200.20044459813866,2.0,In service at L2,L2-Tech-2
4,208.68558110073548,,Arrived,
4,208.68558110073548,1.0,Waiting for L1,
4,208.68558110073548,1.0,In service at L1,L1-Tech-1
4,230.68558110073548,1.0,Finished L1,L1-Tech-1
4,230.68558110073548,,Completed,
5,253.80432331697784,,Arrived,
5,253.80432331697784,1.0,Waiting for L1,
5,253.80432331697784,1.0,In service at L1,L1-Tech-2
6,256.34173762685015,,Arrived,
6,256.34173762685015,1.0,Waiting for L1,
6,256.34173762685015,1.0,In service at L1,L1-Tech-3
2,257.247027322888,2.0,Finished L2,L2-Tech-1
2,257.247027322888,3.0,Waiting for L3,
2,257.247027322888,3.0,In service at L3,L3-Tech-1
5,261.80432331697784,1.0,Finished L1,L1-Tech-2
5,261.80432331697784,2.0,Waiting for L2,
5,261.80432331697784,2.0,In service at L2,L2-Tech-1
7,289.8316847162314,,Arrived,
7,289.8316847162314,1.0,Waiting for L1,
7,289.8316847162314,1.0,In service at L1,L1-Tech-1
2,299.247027322888,3.0,Finished L3,L3-Tech-1
2,299.247027322888,,Completed,
3,320.2004445981387,2.0,Finished L2,L2-Tech-2
3,320.2004445981387,3.0,Waiting for L3,
3,320.2004445981387,3.0,In service at L3,L3-Tech-1
8,324.6804408129981,,Arrived,
8,324.6804408129981,1.0,Waiting for L1,
8,324.6804408129981,1.0,In service at L1,L1-Tech-2
6,329.34173762685015,1.0,Finished L1,L1-Tech-3
6,329.34173762685015,2.0,Waiting for L2,
6,329.34173762685015,2.0,In service at L2,L2-Tech-2
8,343.6804408129981,1.0,Finished L1,L1-Tech-2
8,343.6804408129981,2.0,Waiting for L2,
5,353.80432331697784,2.0,Finished L2,L2-Tech-1
8,353.80432331697784,2.0,In service at L2,L2-Tech-1
5,353.80432331697784,,Completed,
7,370.8316847162314,1.0,Finished L1,L1-Tech-1
7,370.8316847162314,2.0,Waiting for L2,
9,380.08291610527993,,Arrived,
9,380.08291610527993,1.0,Waiting for L1,
9,380.08291610527993,1.0,In service at L1,L1-Tech-3
10,419.49365731045026,,Arrived,
10,419.49365731045026,1.0,Waiting for L1,
10,419.49365731045026,1.0,In service at L1,L1-Tech-2
6,420.34173762685015,2.0,Finished L2,L2-Tech-2
7,420.34173762685015,2.0,In service at L2,L2-Tech-2
6,420.34173762685015,,Completed,
11,424.4144014328895,,Arrived,
11,424.4144014328895,1.0,Waiting for L1,
11,424.4144014328895,1.0,In service at L1,L1-Tech-1
11,429.4144014328895,1.0,Finished L1,L1-Tech-1
11,429.4144014328895,2.0,Waiting for L2,
3,433.2004445981387,3.0,Finished L3,L3-Tech-1
3,433.2004445981387,,Completed,
12,434.5001359011261,,Arrived,
12,434.5001359011261,1.0,Waiting for L1,
12,434.5001359011261,1.0,In service at L1,L1-Tech-1
8,435.80432331697784,2.0,Finished L2,L2-Tech-1
11,435.80432331697784,2.0,In service at L2,L2-Tech-1
8,435.80432331697784,,Completed,
13,463.3385127129712,,Arrived,
13,463.3385127129712,1.0,Waiting for L1,
7,466.34173762685015,2.0,Finished L2,L2-Tech-2
7,466.34173762685015,,Completed,
10,466.49365731045026,1.0,Finished L1,L1-Tech-2
13,466.49365731045026,1.0,In service at L1,L1-Tech-2
10,466.49365731045026,,Completed,
9,479.08291610527993,1.0,Finished L1,L1-Tech-3
9,479.08291610527993,2.0,Waiting for L2,
9,479.08291610527993,2.0,In service at L2,L2-Tech-2
12,486.5001359011261,1.0,Finished L1,L1-Tech-1
12,486.5001359011261,,Completed,
14,503.25486310700717,,Arrived,
14,503.25486310700717,1.0,Waiting for L1,
14,503.25486310700717,1.0,In service at L1,L1-Tech-3
15,510.40930701780144,,Arrived,
15,510.40930701780144,1.0,Waiting for L1,
15,510.40930701780144,1.0,In service at L1,L1-Tech-1
9,518.08291610528,2.0,Finished L2,L2-Tech-2
9,518.08291610528,3.0,Waiting for L3,
9,518.08291610528,3.0,In service at L3,L3-Tech-1
15,533.4093070178014,1.0,Finished L1,L1-Tech-1
15,533.4093070178014,2.0,Waiting for L2,
15,533.4093070178014,2.0,In service at L2,L2-Tech-2
11,546.8043233169778,2.0,Finished L2,L2-Tech-1
11,546.8043233169778,,Completed,
14,547.2548631070072,1.0,Finished L1,L1-Tech-3
14,547.2548631070072,,Completed,
16,549.6760546406578,,Arrived,
16,549.6760546406578,1.0,Waiting for L1,
16,549.6760546406578,1.0,In service at L1,L1-Tech-1
15,552.4093070178014,2.0,Finished L2,L2-Tech-2
15,552.4093070178014,,Completed,
17,570.6615315674737,,Arrived,
17,570.6615315674737,1.0,Waiting for L1,
17,570.6615315674737,1.0,In service at L1,L1-Tech-3
13,584.4936573104503,1.0,Finished L1,L1-Tech-2
13,584.4936573104503,,Completed,
18,585.1677616250182,,Arrived,
18,585.1677616250182,1.0,Waiting for L1,
18,585.1677616250182,1.0,In service at L1,L1-Tech-2
19,587.6342303307991,,Arrived,
19,587.6342303307991,1.0,Waiting for L1,
20,609.5644847821352,,Arrived,
20,609.5644847821352,1.0,Waiting for L1,
16,612.6760546406578,1.0,Finished L1,L1-Tech-1
19,612.6760546406578,1.0,In service at L1,L1-Tech-1
16,612.6760546406578,,Completed,
21,622.0022523392495,,Arrived,
21,622.0022523392495,1.0,Waiting for L1,
9,628.08291610528,3.0,Finished L3,L3-Tech-1
9,628.08291610528,,Completed,
18,634.1677616250182,1.0,Finished L1,L1-Tech-2
20,634.1677616250182,1.0,In service at L1,L1-Tech-2
18,634.1677616250182,2.0,Waiting for L2,
18,634.1677616250182,2.0,In service at L2,L2-Tech-1
17,638.6615315674737,1.0,Finished L1,L1-Tech-3
21,638.6615315674737,1.0,In service at L1,L1-Tech-3
17,638.6615315674737,,Completed,
22,644.6739524165655,,Arrived,
22,644.6739524165655,1.0,Waiting for L1,
23,652.2877109541021,,Arrived,
23,652.2877109541021,1.0,Waiting for L1,
19,657.6760546406578,1.0,Finished L1,L1-Tech-1
22,657.6760546406578,1.0,In service at L1,L1-Tech-1
19,657.6760546406578,2.0,Waiting for L2,
19,657.6760546406578,2.0,In service at L2,L2-Tech-2
21,663.6615315674737,1.0,Finished L1,L1-Tech-3
23,663.6615315674737,1.0,In service at L1,L1-Tech-3
21,663.6615315674737,2.0,Waiting for L2,
24,672.8175265441985,,Arrived,
24,672.8175265441985,1.0,Waiting for L1,
25,683.8201941102078,,Arrived,
25,683.8201941102078,1.0,Waiting for L1,
20,691.1677616250182,1.0,Finished L1,L1-Tech-2
24,691.1677616250182,1.0,In service at L1,L1-Tech-2
20,691.1677616250182,2.0,Waiting for L2,
26,711.9454639403692,,Arrived,
26,711.9454639403692,1.0,Waiting for L1,
22,719.6760546406578,1.0,Finished L1,L1-Tech-1
25,719.6760546406578,1.0,In service at L1,L1-Tech-1
22,719.6760546406578,,Completed,
27,721.4477746260908,,Arrived,
27,721.4477746260908,1.0,Waiting for L1,
18,732.1677616250182,2.0,Finished L2,L2-Tech-1
21,732.1677616250182,2.0,In service at L2,L2-Tech-1
18,732.1677616250182,,Completed,
19,752.6760546406578,2.0,Finished L2,L2-Tech-2
20,752.6760546406578,2.0,In service at L2,L2-Tech-2
19,752.6760546406578,,Completed,
20,764.6760546406578,2.0,Finished L2,L2-Tech-2
20,764.6760546406578,,Completed,
28,765.9554221859598,,Arrived,
28,765.9554221859598,1.0,Waiting for L1,
23,779.6615315674737,1.0,Finished L1,L1-Tech-3
26,779.6615315674737,1.0,In service at L1,L1-Tech-3
23,779.6615315674737,,Completed,
29,800.646075880846,,Arrived,
29,800.646075880846,1.0,Waiting for L1,
24,806.1677616250182,1.0,Finished L1,L1-Tech-2
27,806.1677616250182,1.0,In service at L1,L1-Tech-2
24,806.1677616250182,2.0,Waiting for L2,
24,806.1677616250182,2.0,In service at L2,L2-Tech-2
25,814.6760546406578,1.0,Finished L1,L1-Tech-1
28,814.6760546406578,1.0,In service at L1,L1-Tech-1
25,814.6760546406578,,Completed,
28,836.6760546406578,1.0,Finished L1,L1-Tech-1
29,836.6760546406578,1.0,In service at L1,L1-Tech-1
28,836.6760546406578,2.0,Waiting for L2,
30,836.9362359359741,,Arrived,
30,836.9362359359741,1.0,Waiting for L1,
21,847.1677616250182,2.0,Finished L2,L2-Tech-1
28,847.1677616250182,2.0,In service at L2,L2-Tech-1
21,847.1677616250182,,Completed,
26,856.6615315674737,1.0,Finished L1,L1-Tech-3
30,856.6615315674737,1.0,In service at L1,L1-Tech-3
26,856.6615315674737,2.0,Waiting for L2,
31,880.2750515476596,,Arrived,
31,880.2750515476596,1.0,Waiting for L1,
32,889.2366233952251,,Arrived,
32,889.2366233952251,1.0,Waiting for L1,
30,897.6615315674737,1.0,Finished L1,L1-Tech-3
31,897.6615315674737,1.0,In service at L1,L1-Tech-3
30,897.6615315674737,,Completed,
33,899.5065815083782,,Arrived,
33,899.5065815083782,1.0,Waiting for L1,
24,908.1677616250182,2.0,Finished L2,L2-Tech-2
26,908.1677616250182,2.0,In service at L2,L2-Tech-2
24,908.1677616250182,,Completed,
34,910.8462139145049,,Arrived,
34,910.8462139145049,1.0,Waiting for L1,
35,911.5226861196181,,Arrived,
35,911.5226861196181,1.0,Waiting for L1,
29,914.6760546406578,1.0,Finished L1,L1-Tech-1
32,914.6760546406578,1.0,In service at L1,L1-Tech-1
29,914.6760546406578,,Completed,
28,917.1677616250182,2.0,Finished L2,L2-Tech-1
28,917.1677616250182,,Completed,
27,925.1677616250182,1.0,Finished L1,L1-Tech-2
33,925.1677616250182,1.0,In service at L1,L1-Tech-2
27,925.1677616250182,2.0,Waiting for L2,
27,925.1677616250182,2.0,In service at L2,L2-Tech-1
33,936.1677616250182,1.0,Finished L1,L1-Tech-2
34,936.1677616250182,1.0,In service at L1,L1-Tech-2
33,936.1677616250182,2.0,Waiting for L2,
31,937.6615315674737,1.0,Finished L1,L1-Tech-3
35,937.6615315674737,1.0,In service at L1,L1-Tech-3
31,937.6615315674737,,Completed,
34,941.1677616250182,1.0,Finished L1,L1-Tech-2
34,941.1677616250182,,Completed,
32,951.6760546406578,1.0,Finished L1,L1-Tech-1
32,951.6760546406578,,Completed,
36,953.6045051451272,,Arrived,
36,953.6045051451272,1.0,Waiting for L1,
36,953.6045051451272,1.0,In service at L1,L1-Tech-2
26,983.1677616250182,2.0,Finished L2,L2-Tech-2
33,983.1677616250182,2.0,In service at L2,L2-Tech-2
26,983.1677616250182,3.0,Waiting for L3,
26,983.1677616250182,3.0,In service at L3,L3-Tech-1
26,988.1677616250182,3.0,Finished L3,L3-Tech-1
26,988.1677616250182,,Completed,
35,1010.6615315674737,1.0,Finished L1,L1-Tech-3
35,1010.6615315674737,,Completed,
36,1026.6045051451272,1.0,Finished L1,L1-Tech-2
36,1026.6045051451272,2.0,Waiting for L2,
33,1032.167761625018,2.0,Finished L2,L2-Tech-2
36,1032.167761625018,2.0,In service at L2,L2-Tech-2
33,1032.167761625018,,Completed,
27,1035.167761625018,2.0,Finished L2,L2-Tech-1
27,1035.167761625018,,Completed,
37,1081.468705823042,,Arrived,
37,1081.468705823042,1.0,Waiting for L1,
37,1081.468705823042,1.0,In service at L1,L1-Tech-1
38,1090.5579762742684,,Arrived,
38,1090.5579762742684,1.0,Waiting for L1,
38,1090.5579762742684,1.0,In service at L1,L1-Tech-3
39,1103.2861763992998,,Arrived,
39,1103.2861763992998,1.0,Waiting for L1,
39,1103.2861763992998,1.0,In service at L1,L1-Tech-2
40,1107.4344517024551,,Arrived,
40,1107.4344517024551,1.0,Waiting for L1,
36,1123.167761625018,2.0,Finished L2,L2-Tech-2
36,1123.167761625018,,Completed,
41,1142.1008560183466,,Arrived,
41,1142.1008560183466,1.0,Waiting for L1,
38,1167.5579762742684,1.0,Finished L1,L1-Tech-3
40,1167.5579762742684,1.0,In service at L1,L1-Tech-3
38,1167.5579762742684,,Completed,
40,1172.5579762742684,1.0,Finished L1,L1-Tech-3
41,1172.5579762742684,1.0,In service at L1,L1-Tech-3
40,1172.5579762742684,,Completed,
42,1190.3507481989163,,Arrived,
42,1190.3507481989163,1.0,Waiting for L1,
39,1192.2861763992998,1.0,Finished L1,L1-Tech-2
42,1192.2861763992998,1.0,In service at L1,L1-Tech-2
39,1192.2861763992998,2.0,Waiting for L2,
39,1192.2861763992998,2.0,In service at L2,L2-Tech-1
37,1199.468705823042,1.0,Finished L1,L1-Tech-1
37,1199.468705823042,,Completed,
42,1222.2861763992998,1.0,Finished L1,L1-Tech-2
42,1222.2861763992998,2.0,Waiting for L2,
42,1222.2861763992998,2.0,In service at L2,L2-Tech-2
41,1232.5579762742684,1.0,Finished L1,L1-Tech-3
41,1232.5579762742684,,Completed,
39,1247.2861763992998,2.0,Finished L2,L2-Tech-1
39,1247.2861763992998,,Completed,
42,1257.2861763992998,2.0,Finished L2,L2-Tech-2
42,1257.2861763992998,,Completed,
43,1360.2669976632292,,Arrived,
43,1360.2669976632292,1.0,Waiting for L1,
43,1360.2669976632292,1.0,In service at L1,L1-Tech-1
43,1375.2669976632292,1.0,Finished L1,L1-Tech-1
43,1375.2669976632292,2.0,Waiting for L2,
43,1375.2669976632292,2.0,In service at L2,L2-Tech-1
44,1412.9027045590879,,Arrived,
44,1412.9027045590879,1.0,Waiting for L1,
44,1412.9027045590879,1.0,In service at L1,L1-Tech-2
43,1433.2669976632292,2.0,Finished L2,L2-Tech-1
43,1433.2669976632292,3.0,Waiting for L3,
43,1433.2669976632292,3.0,In service at L3,L3-Tech-1
45,1446.2944319823391,,Arrived,
45,1446.2944319823391,1.0,Waiting for L1,
45,1446.2944319823391,1.0,In service at L1,L1-Tech-3
46,1447.7169457830382,,Arrived,
46,1447.7169457830382,1.0,Waiting for L1,
46,1447.7169457830382,1.0,In service at L1,L1-Tech-1
43,1472.2669976632292,3.0,Finished L3,L3-Tech-1
43,1472.2669976632292,,Completed,
47,1478.3282349612846,,Arrived,
47,1478.3282349612846,1.0,Waiting for L1,
44,1483.9027045590879,1.0,Finished L1,L1-Tech-2
47,1483.9027045590879,1.0,In service at L1,L1-Tech-2
44,1483.9027045590879,,Completed,
47,1493.9027045590879,1.0,Finished L1,L1-Tech-2
47,1493.9027045590879,2.0,Waiting for L2,
47,1493.9027045590879,2.0,In service at L2,L2-Tech-2
46,1500.7169457830382,1.0,Finished L1,L1-Tech-1
46,1500.7169457830382,,Completed,
47,1500.9027045590879,2.0,Finished L2,L2-Tech-2
47,1500.9027045590879,,Completed,
45,1503.2944319823391,1.0,Finished L1,L1-Tech-3
45,1503.2944319823391,2.0,Waiting for L2,
45,1503.2944319823391,2.0,In service at L2,L2-Tech-1
45,1519.2944319823391,2.0,Finished L2,L2-Tech-1
45,1519.2944319823391,,Completed,
48,1526.5829989647914,,Arrived,
48,1526.5829989647914,1.0,Waiting for L1,
48,1526.5829989647914,1.0,In service at L1,L1-Tech-2
49,1591.4790495617913,,Arrived,
49,1591.4790495617913,1.0,Waiting for L1,
49,1591.4790495617913,1.0,In service at L1,L1-Tech-1
50,1593.0710726403106,,Arrived,
50,1593.0710726403106,1.0,Waiting for L1,
50,1593.0710726403106,1.0,In service at L1,L1-Tech-3
48,1609.5829989647914,1.0,Finished L1,L1-Tech-2
48,1609.5829989647914,,Completed,
51,1622.6653841642394,,Arrived,
51,1622.6653841642394,1.0,Waiting for L1,
51,1622.6653841642394,1.0,In service at L1,L1-Tech-2
51,1645.6653841642394,1.0,Finished L1,L1-Tech-2
51,1645.6653841642394,2.0,Waiting for L2,
51,1645.6653841642394,2.0,In service at L2,L2-Tech-2
52,1648.93967525571,,Arrived,
52,1648.93967525571,1.0,Waiting for L1,
52,1648.93967525571,1.0,In service at L1,L1-Tech-2
50,1666.0710726403106,1.0,Finished L1,L1-Tech-3
50,1666.0710726403106,2.0,Waiting for L2,
50,1666.0710726403106,2.0,In service at L2,L2-Tech-1
49,1703.4790495617913,1.0,Finished L1,L1-Tech-1
49,1703.4790495617913,,Completed,
53,1717.12984760273,,Arrived,
53,1717.12984760273,1.0,Waiting for L1,
53,1717.12984760273,1.0,In service at L1,L1-Tech-3
50,1731.0710726403106,2.0,Finished L2,L2-Tech-1
50,1731.0710726403106,,Completed,
51,1737.6653841642394,2.0,Finished L2,L2-Tech-2
51,1737.6653841642394,,Completed,
53,1742.12984760273,1.0,Finished L1,L1-Tech-3
53,1742.12984760273,2.0,Waiting for L2,
53,1742.12984760273,2.0,In service at L2,L2-Tech-1
52,1742.93967525571,1.0,Finished L1,L1-Tech-2
52,1742.93967525571,,Completed,
54,1759.1776571273351,,Arrived,
54,1759.1776571273351,1.0,Waiting for L1,
54,1759.1776571273351,1.0,In service at L1,L1-Tech-1
53,1765.12984760273,2.0,Finished L2,L2-Tech-1
53,1765.12984760273,3.0,Waiting for L3,
53,1765.12984760273,3.0,In service at L3,L3-Tech-1
55,1768.418712957217,,Arrived,
55,1768.418712957217,1.0,Waiting for L1,
55,1768.418712957217,1.0,In service at L1,L1-Tech-3
56,1772.9780996049062,,Arrived,
56,1772.9780996049062,1.0,Waiting for L1,
56,1772.9780996049062,1.0,In service at L1,L1-Tech-2
57,1776.743933783309,,Arrived,
57,1776.743933783309,1.0,Waiting for L1,
53,1778.12984760273,3.0,Finished L3,L3-Tech-1
53,1778.12984760273,,Completed,
55,1807.418712957217,1.0,Finished L1,L1-Tech-3
57,1807.418712957217,1.0,In service at L1,L1-Tech-3
55,1807.418712957217,2.0,Waiting for L2,
55,1807.418712957217,2.0,In service at L2,L2-Tech-2
55,1823.418712957217,2.0,Finished L2,L2-Tech-2
55,1823.418712957217,,Completed,
56,1825.9780996049062,1.0,Finished L1,L1-Tech-2
56,1825.9780996049062,,Completed,
58,1831.6749159111325,,Arrived,
58,1831.6749159111325,1.0,Waiting for L1,
58,1831.6749159111325,1.0,In service at L1,L1-Tech-2
59,1846.0305958716742,,Arrived,
59,1846.0305958716742,1.0,Waiting for L1,
54,1869.1776571273351,1.0,Finished L1,L1-Tech-1
59,1869.1776571273351,1.0,In service at L1,L1-Tech-1
54,1869.1776571273351,,Completed,
60,1875.9492945785971,,Arrived,
60,1875.9492945785971,1.0,Waiting for L1,
59,1877.1776571273351,1.0,Finished L1,L1-Tech-1
60,1877.1776571273351,1.0,In service at L1,L1-Tech-1
59,1877.1776571273351,2.0,Waiting for L2,
59,1877.1776571273351,2.0,In service at L2,L2-Tech-1
61,1881.9418531535787,,Arrived,
61,1881.9418531535787,1.0,Waiting for L1,
58,1888.6749159111325,1.0,Finished L1,L1-Tech-2
61,1888.6749159111325,1.0,In service at L1,L1-Tech-2
58,1888.6749159111325,,Completed,
57,1905.418712957217,1.0,Finished L1,L1-Tech-3
57,1905.418712957217,,Completed,
62,1923.284446415673,,Arrived,
62,1923.284446415673,1.0,Waiting for L1,
62,1923.284446415673,1.0,In service at L1,L1-Tech-3
63,1933.8201966876957,,Arrived,
63,1933.8201966876957,1.0,Waiting for L1,
64,1950.8128241842892,,Arrived,
64,1950.8128241842892,1.0,Waiting for L1,
65,1960.5674120181056,,Arrived,
65,1960.5674120181056,1.0,Waiting for L1,
60,1962.1776571273351,1.0,Finished L1,L1-Tech-1
63,1962.1776571273351,1.0,In service at L1,L1-Tech-1
60,1962.1776571273351,,Completed,
59,1969.1776571273351,2.0,Finished L2,L2-Tech-1
59,1969.1776571273351,,Completed,
66,1976.6813255685734,,Arrived,
66,1976.6813255685734,1.0,Waiting for L1,
61,1986.6749159111325,1.0,Finished L1,L1-Tech-2
64,1986.6749159111325,1.0,In service at L1,L1-Tech-2
61,1986.6749159111325,2.0,Waiting for L2,
61,1986.6749159111325,2.0,In service at L2,L2-Tech-2
63,1995.1776571273351,1.0,Finished L1,L1-Tech-1
65,1995.1776571273351,1.0,In service at L1,L1-Tech-1
63,1995.1776571273351,,Completed,
62,2013.284446415673,1.0,Finished L1,L1-Tech-3
66,2013.284446415673,1.0,In service at L1,L1-Tech-3
62,2013.284446415673,,Completed,
66,2018.284446415673,1.0,Finished L1,L1-Tech-3
66,2018.284446415673,,Completed,
61,2039.6749159111325,2.0,Finished L2,L2-Tech-2
61,2039.6749159111325,,Completed,
67,2048.741439639009,,Arrived,
67,2048.741439639009,1.0,Waiting for L1,
67,2048.741439639009,1.0,In service at L1,L1-Tech-3
64,2070.6749159111323,1.0,Finished L1,L1-Tech-2
64,2070.6749159111323,2.0,Waiting for L2,
64,2070.6749159111323,2.0,In service at L2,L2-Tech-1
67,2073.741439639009,1.0,Finished L1,L1-Tech-3
67,2073.741439639009,2.0,Waiting for L2,
67,2073.741439639009,2.0,In service at L2,L2-Tech-2
65,2081.177657127335,1.0,Finished L1,L1-Tech-1
65,2081.177657127335,2.0,Waiting for L2,
68,2147.3785988585983,,Arrived,
68,2147.3785988585983,1.0,Waiting for L1,
68,2147.3785988585983,1.0,In service at L1,L1-Tech-2
64,2178.6749159111323,2.0,Finished L2,L2-Tech-1
65,2178.6749159111323,2.0,In service at L2,L2-Tech-1
64,2178.6749159111323,,Completed,
67,2188.741439639009,2.0,Finished L2,L2-Tech-2
67,2188.741439639009,,Completed,
69,2212.8644332628587,,Arrived,
69,2212.8644332628587,1.0,Waiting for L1,
69,2212.8644332628587,1.0,In service at L1,L1-Tech-3
65,2213.6749159111323,2.0,Finished L2,L2-Tech-1
65,2213.6749159111323,,Completed,
68,2215.3785988585983,1.0,Finished L1,L1-Tech-2
68,2215.3785988585983,,Completed,
69,2221.8644332628587,1.0,Finished L1,L1-Tech-3
69,2221.8644332628587,2.0,Waiting for L2,
69,2221.8644332628587,2.0,In service at L2,L2-Tech-2
70,2272.083645906054,,Arrived,
70,2272.083645906054,1.0,Waiting for L1,
70,2272.083645906054,1.0,In service at L1,L1-Tech-1
71,2295.3454277801943,,Arrived,
71,2295.3454277801943,1.0,Waiting for L1,
71,2295.3454277801943,1.0,In service at L1,L1-Tech-2
69,2298.8644332628587,2.0,Finished L2,L2-Tech-2
69,2298.8644332628587,,Completed,
72,2307.5124321371527,,Arrived,
72,2307.5124321371527,1.0,Waiting for L1,
72,2307.5124321371527,1.0,In service at L1,L1-Tech-3
72,2313.5124321371527,1.0,Finished L1,L1-Tech-3
72,2313.5124321371527,,Completed,
73,2314.5221643530085,,Arrived,
73,2314.5221643530085,1.0,Waiting for L1,
73,2314.5221643530085,1.0,In service at L1,L1-Tech-3
74,2319.011859136057,,Arrived,
74,2319.011859136057,1.0,Waiting for L1,
75,2325.0246269763925,,Arrived,
75,2325.0246269763925,1.0,Waiting for L1,
71,2355.3454277801943,1.0,Finished L1,L1-Tech-2
74,2355.3454277801943,1.0,In service at L1,L1-Tech-2
71,2355.3454277801943,,Completed,
76,2355.984607141953,,Arrived,
76,2355.984607141953,1.0,Waiting for L1,
77,2369.227457574608,,Arrived,
77,2369.227457574608,1.0,Waiting for L1,
74,2375.3454277801943,1.0,Finished L1,L1-Tech-2
75,2375.3454277801943,1.0,In service at L1,L1-Tech-2
74,2375.3454277801943,,Completed,
70,2387.083645906054,1.0,Finished L1,L1-Tech-1
76,2387.083645906054,1.0,In service at L1,L1-Tech-1
70,2387.083645906054,2.0,Waiting for L2,
70,2387.083645906054,2.0,In service at L2,L2-Tech-1
73,2412.5221643530085,1.0,Finished L1,L1-Tech-3
77,2412.5221643530085,1.0,In service at L1,L1-Tech-3
73,2412.5221643530085,2.0,Waiting for L2,
73,2412.5221643530085,2.0,In service at L2,L2-Tech-2
77,2429.5221643530085,1.0,Finished L1,L1-Tech-3
77,2429.5221643530085,,Completed,
78,2438.3403824041993,,Arrived,
78,2438.3403824041993,1.0,Waiting for L1,
78,2438.3403824041993,1.0,In service at L1,L1-Tech-3
70,2446.083645906054,2.0,Finished L2,L2-Tech-1
70,2446.083645906054,,Completed,
73,2478.5221643530085,2.0,Finished L2,L2-Tech-2
73,2478.5221643530085,3.0,Waiting for L3,
73,2478.5221643530085,3.0,In service at L3,L3-Tech-1
78,2480.3403824041993,1.0,Finished L1,L1-Tech-3
78,2480.3403824041993,2.0,Waiting for L2,
78,2480.3403824041993,2.0,In service at L2,L2-Tech-1
79,2487.675429957296,,Arrived,
79,2487.675429957296,1.0,Waiting for L1,
79,2487.675429957296,1.0,In service at L1,L1-Tech-3
75,2489.3454277801943,1.0,Finished L1,L1-Tech-2
75,2489.3454277801943,2.0,Waiting for L2,
75,2489.3454277801943,2.0,In service at L2,L2-Tech-2
80,2493.145827731972,,Arrived,
80,2493.145827731972,1.0,Waiting for L1,
80,2493.145827731972,1.0,In service at L1,L1-Tech-2
76,2496.083645906054,1.0,Finished L1,L1-Tech-1
76,2496.083645906054,2.0,Waiting for L2,
75,2503.3454277801943,2.0,Finished L2,L2-Tech-2
76,2503.3454277801943,2.0,In service at L2,L2-Tech-2
75,2503.3454277801943,,Completed,
79,2518.675429957296,1.0,Finished L1,L1-Tech-3
79,2518.675429957296,2.0,Waiting for L2,
81,2531.207297706147,,Arrived,
81,2531.207297706147,1.0,Waiting for L1,
81,2531.207297706147,1.0,In service at L1,L1-Tech-1
82,2535.167732806748,,Arrived,
82,2535.167732806748,1.0,Waiting for L1,
82,2535.167732806748,1.0,In service at L1,L1-Tech-3
73,2543.5221643530085,3.0,Finished L3,L3-Tech-1
73,2543.5221643530085,,Completed,
83,2547.9493557845717,,Arrived,
83,2547.9493557845717,1.0,Waiting for L1,
81,2553.207297706147,1.0,Finished L1,L1-Tech-1
83,2553.207297706147,1.0,In service at L1,L1-Tech-1
81,2553.207297706147,,Completed,
82,2556.167732806748,1.0,Finished L1,L1-Tech-3
82,2556.167732806748,,Completed,
84,2577.232080588443,,Arrived,
84,2577.232080588443,1.0,Waiting for L1,
84,2577.232080588443,1.0,In service at L1,L1-Tech-3
80,2584.145827731972,1.0,Finished L1,L1-Tech-2
80,2584.145827731972,,Completed,
78,2599.3403824041993,2.0,Finished L2,L2-Tech-1
79,2599.3403824041993,2.0,In service at L2,L2-Tech-1
78,2599.3403824041993,,Completed,
85,2608.325742076002,,Arrived,
85,2608.325742076002,1.0,Waiting for L1,
85,2608.325742076002,1.0,In service at L1,L1-Tech-2
86,2609.7926674208375,,Arrived,
86,2609.7926674208375,1.0,Waiting for L1,
76,2623.3454277801943,2.0,Finished L2,L2-Tech-2
76,2623.3454277801943,,Completed,
83,2626.207297706147,1.0,Finished L1,L1-Tech-1
86,2626.207297706147,1.0,In service at L1,L1-Tech-1
83,2626.207297706147,2.0,Waiting for L2,
83,2626.207297706147,2.0,In service at L2,L2-Tech-2
84,2647.232080588443,1.0,Finished L1,L1-Tech-3
84,2647.232080588443,,Completed,
85,2652.325742076002,1.0,Finished L1,L1-Tech-2
85,2652.325742076002,,Completed,
79,2654.3403824041993,2.0,Finished L2,L2-Tech-1
79,2654.3403824041993,,Completed,
87,2697.1306017245347,,Arrived,
87,2697.1306017245347,1.0,Waiting for L1,
87,2697.1306017245347,1.0,In service at L1,L1-Tech-3
83,2717.207297706147,2.0,Finished L2,L2-Tech-2
83,2717.207297706147,,Completed,
86,2738.207297706147,1.0,Finished L1,L1-Tech-1
86,2738.207297706147,,Completed,
88,2744.7489309978346,,Arrived,
88,2744.7489309978346,1.0,Waiting for L1,
88,2744.7489309978346,1.0,In service at L1,L1-Tech-2
89,2756.0383673533825,,Arrived,
89,2756.0383673533825,1.0,Waiting for L1,
89,2756.0383673533825,1.0,In service at L1,L1-Tech-1
87,2762.1306017245347,1.0,Finished L1,L1-Tech-3
87,2762.1306017245347,2.0,Waiting for L2,
87,2762.1306017245347,2.0,In service at L2,L2-Tech-1
87,2791.1306017245347,2.0,Finished L2,L2-Tech-1
87,2791.1306017245347,,Completed,
90,2808.559052461098,,Arrived,
90,2808.559052461098,1.0,Waiting for L1,
90,2808.559052461098,1.0,In service at L1,L1-Tech-3
91,2811.539282200657,,Arrived,
91,2811.539282200657,1.0,Waiting for L1,
88,2813.7489309978346,1.0,Finished L1,L1-Tech-2
91,2813.7489309978346,1.0,In service at L1,L1-Tech-2
88,2813.7489309978346,2.0,Waiting for L2,
88,2813.7489309978346,2.0,In service at L2,L2-Tech-2
92,2833.0943599003576,,Arrived,
92,2833.0943599003576,1.0,Waiting for L1,
88,2848.7489309978346,2.0,Finished L2,L2-Tech-2
88,2848.7489309978346,3.0,Waiting for L3,
88,2848.7489309978346,3.0,In service at L3,L3-Tech-1
89,2854.0383673533825,1.0,Finished L1,L1-Tech-1
92,2854.0383673533825,1.0,In service at L1,L1-Tech-1
89,2854.0383673533825,2.0,Waiting for L2,
89,2854.0383673533825,2.0,In service at L2,L2-Tech-1
93,2877.8226294450033,,Arrived,
93,2877.8226294450033,1.0,Waiting for L1,
91,2891.7489309978346,1.0,Finished L1,L1-Tech-2
93,2891.7489309978346,1.0,In service at L1,L1-Tech-2
91,2891.7489309978346,,Completed,
88,2901.7489309978346,3.0,Finished L3,L3-Tech-1
88,2901.7489309978346,,Completed,
90,2903.559052461098,1.0,Finished L1,L1-Tech-3
90,2903.559052461098,2.0,Waiting for L2,
90,2903.559052461098,2.0,In service at L2,L2-Tech-2
94,2909.304912529585,,Arrived,
94,2909.304912529585,1.0,Waiting for L1,
94,2909.304912529585,1.0,In service at L1,L1-Tech-3
93,2914.7489309978346,1.0,Finished L1,L1-Tech-2
93,2914.7489309978346,,Completed,
95,2918.464688166278,,Arrived,
95,2918.464688166278,1.0,Waiting for L1,
95,2918.464688166278,1.0,In service at L1,L1-Tech-2
89,2920.0383673533825,2.0,Finished L2,L2-Tech-1
89,2920.0383673533825,3.0,Waiting for L3,
89,2920.0383673533825,3.0,In service at L3,L3-Tech-1
96,2933.2831058329116,,Arrived,
96,2933.2831058329116,1.0,Waiting for L1,
92,2940.0383673533825,1.0,Finished L1,L1-Tech-1
96,2940.0383673533825,1.0,In service at L1,L1-Tech-1
92,2940.0383673533825,2.0,Waiting for L2,
92,2940.0383673533825,2.0,In service at L2,L2-Tech-1
97,2958.214215836515,,Arrived,
97,2958.214215836515,1.0,Waiting for L1,
95,2966.464688166278,1.0,Finished L1,L1-Tech-2
97,2966.464688166278,1.0,In service at L1,L1-Tech-2
95,2966.464688166278,2.0,Waiting for L2,
92,2975.0383673533825,2.0,Finished L2,L2-Tech-1
95,2975.0383673533825,2.0,In service at L2,L2-Tech-1
92,2975.0383673533825,,Completed,
98,2982.326537474615,,Arrived,
98,2982.326537474615,1.0,Waiting for L1,
89,2985.0383673533825,3.0,Finished L3,L3-Tech-1
89,2985.0383673533825,,Completed,
94,2996.304912529585,1.0,Finished L1,L1-Tech-3
98,2996.304912529585,1.0,In service at L1,L1-Tech-3
94,2996.304912529585,,Completed,
99,2997.440167490772,,Arrived,
99,2997.440167490772,1.0,Waiting for L1,
100,2998.359255857704,,Arrived,
100,2998.359255857704,1.0,Waiting for L1,
90,3018.559052461098,2.0,Finished L2,L2-Tech-2
90,3018.559052461098,3.0,Waiting for L3,
90,3018.559052461098,3.0,In service at L3,L3-Tech-1
96,3038.0383673533825,1.0,Finished L1,L1-Tech-1
99,3038.0383673533825,1.0,In service at L1,L1-Tech-1
96,3038.0383673533825,2.0,Waiting for L2,
96,3038.0383673533825,2.0,In service at L2,L2-Tech-2
101,3049.1595432337035,,Arrived,
101,3049.1595432337035,1.0,Waiting for L1,
97,3055.464688166278,1.0,Finished L1,L1-Tech-2
100,3055.464688166278,1.0,In service at L1,L1-Tech-2
97,3055.464688166278,2.0,Waiting for L2,
102,3067.7502482810987,,Arrived,
102,3067.7502482810987,1.0,Waiting for L1,
90,3082.559052461098,3.0,Finished L3,L3-Tech-1
90,3082.559052461098,,Completed,
95,3083.0383673533825,2.0,Finished L2,L2-Tech-1
97,3083.0383673533825,2.0,In service at L2,L2-Tech-1
95,3083.0383673533825,,Completed,
100,3083.464688166278,1.0,Finished L1,L1-Tech-2
101,3083.464688166278,1.0,In service at L1,L1-Tech-2
100,3083.464688166278,2.0,Waiting for L2,
97,3097.0383673533825,2.0,Finished L2,L2-Tech-1
100,3097.0383673533825,2.0,In service at L2,L2-Tech-1
97,3097.0383673533825,3.0,Waiting for L3,
97,3097.0383673533825,3.0,In service at L3,L3-Tech-1
98,3105.304912529585,1.0,Finished L1,L1-Tech-3
102,3105.304912529585,1.0,In service at L1,L1-Tech-3
98,3105.304912529585,,Completed,
99,3116.0383673533825,1.0,Finished L1,L1-Tech-1
99,3116.0383673533825,,Completed,
97,3128.0383673533825,3.0,Finished L3,L3-Tech-1
97,3128.0383673533825,,Completed,
96,3146.0383673533825,2.0,Finished L2,L2-Tech-2
96,3146.0383673533825,,Completed,
101,3165.464688166278,1.0,Finished L1,L1-Tech-2
101,3165.464688166278,2.0,Waiting for L2,
101,3165.464688166278,2.0,In service at L2,L2-Tech-2
101,3171.464688166278,2.0,Finished L2,L2-Tech-2
101,3171.464688166278,3.0,Waiting for L3,
101,3171.464688166278,3.0,In service at L3,L3-Tech-1
100,3173.0383673533825,2.0,Finished L2,L2-Tech-1
100,3173.0383673533825,3.0,Waiting for L3,
103,3176.68110577529,,Arrived,
103,3176.68110577529,1.0,Waiting for L1,
103,3176.68110577529,1.0,In service at L1,L1-Tech-1
102,3211.304912529585,1.0,Finished L1,L1-Tech-3
102,3211.304912529585,,Completed,
103,3222.68110577529,1.0,Finished L1,L1-Tech-1
103,3222.68110577529,2.0,Waiting for L2,
103,3222.68110577529,2.0,In service at L2,L2-Tech-2
101,3233.464688166278,3.0,Finished L3,L3-Tech-1
100,3233.464688166278,3.0,In service at L3,L3-Tech-1
101,3233.464688166278,,Completed,
103,3261.68110577529,2.0,Finished L2,L2-Tech-2
103,3261.68110577529,,Completed,
104,3265.7898292612613,,Arrived,
104,3265.7898292612613,1.0,Waiting for L1,
104,3265.7898292612613,1.0,In service at L1,L1-Tech-2
100,3275.464688166278,3.0,Finished L3,L3-Tech-1
100,3275.464688166278,,Completed,
105,3277.449171159624,,Arrived,
105,3277.449171159624,1.0,Waiting for L1,
105,3277.449171159624,1.0,In service at L1,L1-Tech-3
105,3342.449171159624,1.0,Finished L1,L1-Tech-3
105,3342.449171159624,,Completed,
106,3355.432988495668,,Arrived,
106,3355.432988495668,1.0,Waiting for L1,
106,3355.432988495668,1.0,In service at L1,L1-Tech-1
107,3359.494586349437,,Arrived,
107,3359.494586349437,1.0,Waiting for L1,
107,3359.494586349437,1.0,In service at L1,L1-Tech-3
104,3373.7898292612613,1.0,Finished L1,L1-Tech-2
104,3373.7898292612613,,Completed,
106,3397.432988495668,1.0,Finished L1,L1-Tech-1
106,3397.432988495668,,Completed,
108,3402.4555032598787,,Arrived,
108,3402.4555032598787,1.0,Waiting for L1,
108,3402.4555032598787,1.0,In service at L1,L1-Tech-2
107,3429.494586349437,1.0,Finished L1,L1-Tech-3
107,3429.494586349437,2.0,Waiting for L2,
107,3429.494586349437,2.0,In service at L2,L2-Tech-1
109,3433.891628747905,,Arrived,
109,3433.891628747905,1.0,Waiting for L1,
109,3433.891628747905,1.0,In service at L1,L1-Tech-1
109,3445.891628747905,1.0,Finished L1,L1-Tech-1
109,3445.891628747905,,Completed,
110,3448.079094129928,,Arrived,
110,3448.079094129928,1.0,Waiting for L1,
110,3448.079094129928,1.0,In service at L1,L1-Tech-3
111,3472.0743277527145,,Arrived,
111,3472.0743277527145,1.0,Waiting for L1,
111,3472.0743277527145,1.0,In service at L1,L1-Tech-1
112,3483.540580564269,,Arrived,
112,3483.540580564269,1.0,Waiting for L1,
108,3500.4555032598787,1.0,Finished L1,L1-Tech-2
112,3500.4555032598787,1.0,In service at L1,L1-Tech-2
108,3500.4555032598787,,Completed,
113,3508.0226558994755,,Arrived,
113,3508.0226558994755,1.0,Waiting for L1,
114,3517.760848326735,,Arrived,
114,3517.760848326735,1.0,Waiting for L1,
110,3537.079094129928,1.0,Finished L1,L1-Tech-3
113,3537.079094129928,1.0,In service at L1,L1-Tech-3
110,3537.079094129928,2.0,Waiting for L2,
110,3537.079094129928,2.0,In service at L2,L2-Tech-2
107,3543.494586349437,2.0,Finished L2,L2-Tech-1
107,3543.494586349437,,Completed,
115,3586.0341985529153,,Arrived,
115,3586.0341985529153,1.0,Waiting for L1,
111,3587.0743277527145,1.0,Finished L1,L1-Tech-1
114,3587.0743277527145,1.0,In service at L1,L1-Tech-1
111,3587.0743277527145,,Completed,
110,3592.079094129928,2.0,Finished L2,L2-Tech-2
110,3592.079094129928,,Completed,
113,3594.079094129928,1.0,Finished L1,L1-Tech-3
115,3594.079094129928,1.0,In service at L1,L1-Tech-3
113,3594.079094129928,2.0,Waiting for L2,
113,3594.079094129928,2.0,In service at L2,L2-Tech-1
112,3599.4555032598787,1.0,Finished L1,L1-Tech-2
112,3599.4555032598787,2.0,Waiting for L2,
112,3599.4555032598787,2.0,In service at L2,L2-Tech-2
116,3628.8958071436396,,Arrived,
116,3628.8958071436396,1.0,Waiting for L1,
116,3628.8958071436396,1.0,In service at L1,L1-Tech-2
112,3638.4555032598787,2.0,Finished L2,L2-Tech-2
112,3638.4555032598787,3.0,Waiting for L3,
112,3638.4555032598787,3.0,In service at L3,L3-Tech-1
117,3638.582289632369,,Arrived,
117,3638.582289632369,1.0,Waiting for L1,
113,3648.079094129928,2.0,Finished L2,L2-Tech-1
113,3648.079094129928,,Completed,
118,3675.1393399104154,,Arrived,
118,3675.1393399104154,1.0,Waiting for L1,
116,3680.8958071436396,1.0,Finished L1,L1-Tech-2
117,3680.8958071436396,1.0,In service at L1,L1-Tech-2
116,3680.8958071436396,2.0,Waiting for L2,
116,3680.8958071436396,2.0,In service at L2,L2-Tech-2
115,3689.079094129928,1.0,Finished L1,L1-Tech-3
118,3689.079094129928,1.0,In service at L1,L1-Tech-3
115,3689.079094129928,,Completed,
114,3693.0743277527145,1.0,Finished L1,L1-Tech-1
114,3693.0743277527145,,Completed,
112,3714.4555032598787,3.0,Finished L3,L3-Tech-1
112,3714.4555032598787,,Completed,
119,3720.497850827164,,Arrived,
119,3720.497850827164,1.0,Waiting for L1,
119,3720.497850827164,1.0,In service at L1,L1-Tech-1
117,3724.8958071436396,1.0,Finished L1,L1-Tech-2
117,3724.8958071436396,,Completed,
116,3744.8958071436396,2.0,Finished L2,L2-Tech-2
116,3744.8958071436396,3.0,Waiting for L3,
116,3744.8958071436396,3.0,In service at L3,L3-Tech-1
120,3758.4931024441876,,Arrived,
120,3758.4931024441876,1.0,Waiting for L1,
120,3758.4931024441876,1.0,In service at L1,L1-Tech-2
116,3782.8958071436396,3.0,Finished L3,L3-Tech-1
116,3782.8958071436396,,Completed,
118,3783.079094129928,1.0,Finished L1,L1-Tech-3
118,3783.079094129928,2.0,Waiting for L2,
118,3783.079094129928,2.0,In service at L2,L2-Tech-1
121,3791.09638005607,,Arrived,
121,3791.09638005607,1.0,Waiting for L1,
121,3791.09638005607,1.0,In service at L1,L1-Tech-3
119,3794.497850827164,1.0,Finished L1,L1-Tech-1
119,3794.497850827164,,Completed,
120,3798.4931024441876,1.0,Finished L1,L1-Tech-2
120,3798.4931024441876,2.0,Waiting for L2,
120,3798.4931024441876,2.0,In service at L2,L2-Tech-2
120,3839.4931024441876,2.0,Finished L2,L2-Tech-2
120,3839.4931024441876,,Completed,
122,3863.2462233039028,,Arrived,
122,3863.2462233039028,1.0,Waiting for L1,
122,3863.2462233039028,1.0,In service at L1,L1-Tech-1
118,3902.079094129928,2.0,Finished L2,L2-Tech-1
118,3902.079094129928,,Completed,
121,3906.09638005607,1.0,Finished L1,L1-Tech-3
121,3906.09638005607,2.0,Waiting for L2,
121,3906.09638005607,2.0,In service at L2,L2-Tech-2
122,3909.2462233039028,1.0,Finished L1,L1-Tech-1
122,3909.2462233039028,2.0,Waiting for L2,
122,3909.2462233039028,2.0,In service at L2,L2-Tech-1
122,3948.2462233039028,2.0,Finished L2,L2-Tech-1
122,3948.2462233039028,,Completed,
123,3953.597232895693,,Arrived,
123,3953.597232895693,1.0,Waiting for L1,
123,3953.597232895693,1.0,In service at L1,L1-Tech-2
124,3956.5010708957634,,Arrived,
124,3956.5010708957634,1.0,Waiting for L1,
124,3956.5010708957634,1.0,In service at L1,L1-Tech-3
123,3995.597232895693,1.0,Finished L1,L1-Tech-2
123,3995.597232895693,,Completed,
125,4001.420568658897,,Arrived,
125,4001.420568658897,1.0,Waiting for L1,
125,4001.420568658897,1.0,In service at L1,L1-Tech-1
121,4008.09638005607,2.0,Finished L2,L2-Tech-2
121,4008.09638005607,,Completed,
124,4075.5010708957634,1.0,Finished L1,L1-Tech-3
124,4075.5010708957634,2.0,Waiting for L2,
124,4075.5010708957634,2.0,In service at L2,L2-Tech-1
126,4079.5154994464842,,Arrived,
126,4079.5154994464842,1.0,Waiting for L1,
126,4079.5154994464842,1.0,In service at L1,L1-Tech-2
125,4102.4205686588975,1.0,Finished L1,L1-Tech-1
125,4102.4205686588975,,Completed,
124,4106.501070895763,2.0,Finished L2,L2-Tech-1
124,4106.501070895763,3.0,Waiting for L3,
124,4106.501070895763,3.0,In service at L3,L3-Tech-1
127,4112.9386477977105,,Arrived,
127,4112.9386477977105,1.0,Waiting for L1,
127,4112.9386477977105,1.0,In service at L1,L1-Tech-3
124,4143.501070895763,3.0,Finished L3,L3-Tech-1
124,4143.501070895763,,Completed,
128,4146.513284047441,,Arrived,
128,4146.513284047441,1.0,Waiting for L1,
128,4146.513284047441,1.0,In service at L1,L1-Tech-1
129,4164.831514749435,,Arrived,
129,4164.831514749435,1.0,Waiting for L1,
130,4173.594718273486,,Arrived,
130,4173.594718273486,1.0,Waiting for L1,
126,4183.515499446485,1.0,Finished L1,L1-Tech-2
129,4183.515499446485,1.0,In service at L1,L1-Tech-2
126,4183.515499446485,,Completed,
127,4212.9386477977105,1.0,Finished L1,L1-Tech-3
130,4212.9386477977105,1.0,In service at L1,L1-Tech-3
127,4212.9386477977105,,Completed,
129,4219.515499446485,1.0,Finished L1,L1-Tech-2
129,4219.515499446485,,Completed,
130,4235.9386477977105,1.0,Finished L1,L1-Tech-3
130,4235.9386477977105,2.0,Waiting for L2,
130,4235.9386477977105,2.0,In service at L2,L2-Tech-2
128,4238.513284047441,1.0,Finished L1,L1-Tech-1
128,4238.513284047441,2.0,Waiting for L2,
128,4238.513284047441,2.0,In service at L2,L2-Tech-1
131,4284.8279852557325,,Arrived,
131,4284.8279852557325,1.0,Waiting for L1,
131,4284.8279852557325,1.0,In service at L1,L1-Tech-2
132,4293.08689318833,,Arrived,
132,4293.08689318833,1.0,Waiting for L1,
132,4293.08689318833,1.0,In service at L1,L1-Tech-3
132,4304.08689318833,1.0,Finished L1,L1-Tech-3
132,4304.08689318833,2.0,Waiting for L2,
128,4306.513284047441,2.0,Finished L2,L2-Tech-1
132,4306.513284047441,2.0,In service at L2,L2-Tech-1
128,4306.513284047441,,Completed,
133,4307.298284413977,,Arrived,
133,4307.298284413977,1.0,Waiting for L1,
133,4307.298284413977,1.0,In service at L1,L1-Tech-1
130,4327.9386477977105,2.0,Finished L2,L2-Tech-2
130,4327.9386477977105,3.0,Waiting for L3,
130,4327.9386477977105,3.0,In service at L3,L3-Tech-1
134,4342.141042064305,,Arrived,
134,4342.141042064305,1.0,Waiting for L1,
134,4342.141042064305,1.0,In service at L1,L1-Tech-3
135,4348.467604924977,,Arrived,
135,4348.467604924977,1.0,Waiting for L1,
136,4362.484357423154,,Arrived,
136,4362.484357423154,1.0,Waiting for L1,
132,4363.513284047441,2.0,Finished L2,L2-Tech-1
132,4363.513284047441,,Completed,
137,4367.304419848706,,Arrived,
137,4367.304419848706,1.0,Waiting for L1,
138,4370.715242127003,,Arrived,
138,4370.715242127003,1.0,Waiting for L1,
133,4377.298284413977,1.0,Finished L1,L1-Tech-1
135,4377.298284413977,1.0,In service at L1,L1-Tech-1
133,4377.298284413977,2.0,Waiting for L2,
133,4377.298284413977,2.0,In service at L2,L2-Tech-2
131,4378.8279852557325,1.0,Finished L1,L1-Tech-2
136,4378.8279852557325,1.0,In service at L1,L1-Tech-2
131,4378.8279852557325,2.0,Waiting for L2,
131,4378.8279852557325,2.0,In service at L2,L2-Tech-1
139,4392.611005013736,,Arrived,
139,4392.611005013736,1.0,Waiting for L1,
135,4393.298284413977,1.0,Finished L1,L1-Tech-1
137,4393.298284413977,1.0,In service at L1,L1-Tech-1
135,4393.298284413977,2.0,Waiting for L2,
134,4405.141042064305,1.0,Finished L1,L1-Tech-3
138,4405.141042064305,1.0,In service at L1,L1-Tech-3
134,4405.141042064305,,Completed,
137,4413.298284413977,1.0,Finished L1,L1-Tech-1
139,4413.298284413977,1.0,In service at L1,L1-Tech-1
137,4413.298284413977,2.0,Waiting for L2,
130,4445.9386477977105,3.0,Finished L3,L3-Tech-1
130,4445.9386477977105,,Completed,
138,4456.141042064305,1.0,Finished L1,L1-Tech-3
138,4456.141042064305,2.0,Waiting for L2,
139,4471.298284413977,1.0,Finished L1,L1-Tech-1
139,4471.298284413977,2.0,Waiting for L2,
140,4484.451177617154,,Arrived,
140,4484.451177617154,1.0,Waiting for L1,
140,4484.451177617154,1.0,In service at L1,L1-Tech-3
136,4487.8279852557325,1.0,Finished L1,L1-Tech-2
136,4487.8279852557325,,Completed,
133,4491.298284413977,2.0,Finished L2,L2-Tech-2
135,4491.298284413977,2.0,In service at L2,L2-Tech-2
133,4491.298284413977,,Completed,
141,4493.746478621585,,Arrived,
141,4493.746478621585,1.0,Waiting for L1,
141,4493.746478621585,1.0,In service at L1,L1-Tech-1
131,4497.8279852557325,2.0,Finished L2,L2-Tech-1
137,4497.8279852557325,2.0,In service at L2,L2-Tech-1
131,4497.8279852557325,,Completed,
140,4509.451177617154,1.0,Finished L1,L1-Tech-3
140,4509.451177617154,2.0,Waiting for L2,
142,4518.183898525976,,Arrived,
142,4518.183898525976,1.0,Waiting for L1,
142,4518.183898525976,1.0,In service at L1,L1-Tech-2
141,4537.746478621585,1.0,Finished L1,L1-Tech-1
141,4537.746478621585,,Completed,
143,4573.544539871665,,Arrived,
143,4573.544539871665,1.0,Waiting for L1,
143,4573.544539871665,1.0,In service at L1,L1-Tech-3
144,4584.19314753068,,Arrived,
144,4584.19314753068,1.0,Waiting for L1,
144,4584.19314753068,1.0,In service at L1,L1-Tech-1
142,4586.183898525976,1.0,Finished L1,L1-Tech-2
142,4586.183898525976,2.0,Waiting for L2,
145,4592.28188434685,,Arrived,
145,4592.28188434685,1.0,Waiting for L1,
145,4592.28188434685,1.0,In service at L1,L1-Tech-2
137,4601.8279852557325,2.0,Finished L2,L2-Tech-1
138,4601.8279852557325,2.0,In service at L2,L2-Tech-1
137,4601.8279852557325,3.0,Waiting for L3,
137,4601.8279852557325,3.0,In service at L3,L3-Tech-1
135,4610.298284413977,2.0,Finished L2,L2-Tech-2
139,4610.298284413977,2.0,In service at L2,L2-Tech-2
135,4610.298284413977,3.0,Waiting for L3,
146,4613.0699358698985,,Arrived,
146,4613.0699358698985,1.0,Waiting for L1,
145,4634.28188434685,1.0,Finished L1,L1-Tech-2
146,4634.28188434685,1.0,In service at L1,L1-Tech-2
145,4634.28188434685,2.0,Waiting for L2,
139,4635.298284413977,2.0,Finished L2,L2-Tech-2
140,4635.298284413977,2.0,In service at L2,L2-Tech-2
139,4635.298284413977,3.0,Waiting for L3,
147,4640.784473868782,,Arrived,
147,4640.784473868782,1.0,Waiting for L1,
146,4647.28188434685,1.0,Finished L1,L1-Tech-2
147,4647.28188434685,1.0,In service at L1,L1-Tech-2
146,4647.28188434685,2.0,Waiting for L2,
144,4655.19314753068,1.0,Finished L1,L1-Tech-1
144,4655.19314753068,2.0,Waiting for L2,
140,4670.298284413977,2.0,Finished L2,L2-Tech-2
142,4670.298284413977,2.0,In service at L2,L2-Tech-2
140,4670.298284413977,3.0,Waiting for L3,
137,4676.8279852557325,3.0,Finished L3,L3-Tech-1
135,4676.8279852557325,3.0,In service at L3,L3-Tech-1
137,4676.8279852557325,,Completed,
148,4677.714951852591,,Arrived,
148,4677.714951852591,1.0,Waiting for L1,
148,4677.714951852591,1.0,In service at L1,L1-Tech-1
143,4683.544539871665,1.0,Finished L1,L1-Tech-3
143,4683.544539871665,,Completed,
148,4708.714951852591,1.0,Finished L1,L1-Tech-1
148,4708.714951852591,2.0,Waiting for L2,
149,4711.164497025219,,Arrived,
149,4711.164497025219,1.0,Waiting for L1,
149,4711.164497025219,1.0,In service at L1,L1-Tech-3
150,4712.266475375474,,Arrived,
150,4712.266475375474,1.0,Waiting for L1,
150,4712.266475375474,1.0,In service at L1,L1-Tech-1
138,4716.8279852557325,2.0,Finished L2,L2-Tech-1
145,4716.8279852557325,2.0,In service at L2,L2-Tech-1
138,4716.8279852557325,3.0,Waiting for L3,
150,4744.266475375474,1.0,Finished L1,L1-Tech-1
150,4744.266475375474,2.0,Waiting for L2,
147,4754.28188434685,1.0,Finished L1,L1-Tech-2
147,4754.28188434685,,Completed,
135,4756.8279852557325,3.0,Finished L3,L3-Tech-1
139,4756.8279852557325,3.0,In service at L3,L3-Tech-1
135,4756.8279852557325,,Completed,
151,4760.424550699836,,Arrived,
151,4760.424550699836,1.0,Waiting for L1,
151,4760.424550699836,1.0,In service at L1,L1-Tech-1
145,4762.8279852557325,2.0,Finished L2,L2-Tech-1
139,4762.8279852557325,3.0,Finished L3,L3-Tech-1
146,4762.8279852557325,2.0,In service at L2,L2-Tech-1
145,4762.8279852557325,,Completed,
140,4762.8279852557325,3.0,In service at L3,L3-Tech-1
139,4762.8279852557325,,Completed,
152,4774.461771279819,,Arrived,
152,4774.461771279819,1.0,Waiting for L1,
152,4774.461771279819,1.0,In service at L1,L1-Tech-2
153,4782.133046695168,,Arrived,
153,4782.133046695168,1.0,Waiting for L1,
142,4784.298284413977,2.0,Finished L2,L2-Tech-2
144,4784.298284413977,2.0,In service at L2,L2-Tech-2
142,4784.298284413977,,Completed,
140,4785.8279852557325,3.0,Finished L3,L3-Tech-1
138,4785.8279852557325,3.0,In service at L3,L3-Tech-1
140,4785.8279852557325,,Completed,
149,4801.164497025219,1.0,Finished L1,L1-Tech-3
153,4801.164497025219,1.0,In service at L1,L1-Tech-3
149,4801.164497025219,,Completed,
151,4834.424550699836,1.0,Finished L1,L1-Tech-1
151,4834.424550699836,2.0,Waiting for L2,
154,4846.955310571604,,Arrived,
154,4846.955310571604,1.0,Waiting for L1,
154,4846.955310571604,1.0,In service at L1,L1-Tech-1
152,4848.461771279819,1.0,Finished L1,L1-Tech-2
152,4848.461771279819,2.0,Waiting for L2,
153,4856.164497025219,1.0,Finished L1,L1-Tech-3
153,4856.164497025219,2.0,Waiting for L2,
155,4857.385008605597,,Arrived,
155,4857.385008605597,1.0,Waiting for L1,
155,4857.385008605597,1.0,In service at L1,L1-Tech-2
146,4865.8279852557325,2.0,Finished L2,L2-Tech-1
148,4865.8279852557325,2.0,In service at L2,L2-Tech-1
146,4865.8279852557325,,Completed,
144,4879.298284413977,2.0,Finished L2,L2-Tech-2
150,4879.298284413977,2.0,In service at L2,L2-Tech-2
144,4879.298284413977,,Completed,
138,4882.8279852557325,3.0,Finished L3,L3-Tech-1
138,4882.8279852557325,,Completed,
154,4883.955310571604,1.0,Finished L1,L1-Tech-1
154,4883.955310571604,,Completed,
155,4897.385008605597,1.0,Finished L1,L1-Tech-2
155,4897.385008605597,2.0,Waiting for L2,
148,4920.8279852557325,2.0,Finished L2,L2-Tech-1
151,4920.8279852557325,2.0,In service at L2,L2-Tech-1
148,4920.8279852557325,,Completed,
150,4921.298284413977,2.0,Finished L2,L2-Tech-2
152,4921.298284413977,2.0,In service at L2,L2-Tech-2
150,4921.298284413977,,Completed,
156,4952.394861042556,,Arrived,
156,4952.394861042556,1.0,Waiting for L1,
156,4952.394861042556,1.0,In service at L1,L1-Tech-3
156,4957.394861042556,1.0,Finished L1,L1-Tech-3
156,4957.394861042556,2.0,Waiting for L2,
157,4965.15725050478,,Arrived,
157,4965.15725050478,1.0,Waiting for L1,
157,4965.15725050478,1.0,In service at L1,L1-Tech-1
158,4967.089921951999,,Arrived,
158,4967.089921951999,1.0,Waiting for L1,
158,4967.089921951999,1.0,In service at L1,L1-Tech-2
159,4968.279841172077,,Arrived,
159,4968.279841172077,1.0,Waiting for L1,
159,4968.279841172077,1.0,In service at L1,L1-Tech-3
152,4982.298284413977,2.0,Finished L2,L2-Tech-2
153,4982.298284413977,2.0,In service at L2,L2-Tech-2
152,4982.298284413977,3.0,Waiting for L3,
152,4982.298284413977,3.0,In service at L3,L3-Tech-1
152,4987.298284413977,3.0,Finished L3,L3-Tech-1
152,4987.298284413977,,Completed,
160,4988.932262143274,,Arrived,
160,4988.932262143274,1.0,Waiting for L1,
158,5000.089921951999,1.0,Finished L1,L1-Tech-2
160,5000.089921951999,1.0,In service at L1,L1-Tech-2
158,5000.089921951999,,Completed,
161,5008.325737386325,,Arrived,
161,5008.325737386325,1.0,Waiting for L1,
151,5011.8279852557325,2.0,Finished L2,L2-Tech-1
155,5011.8279852557325,2.0,In service at L2,L2-Tech-1
151,5011.8279852557325,,Completed,
159,5026.279841172077,1.0,Finished L1,L1-Tech-3
161,5026.279841172077,1.0,In service at L1,L1-Tech-3
159,5026.279841172077,2.0,Waiting for L2,
155,5034.8279852557325,2.0,Finished L2,L2-Tech-1
156,5034.8279852557325,2.0,In service at L2,L2-Tech-1
155,5034.8279852557325,,Completed,
157,5036.15725050478,1.0,Finished L1,L1-Tech-1
157,5036.15725050478,,Completed,
153,5057.298284413977,2.0,Finished L2,L2-Tech-2
159,5057.298284413977,2.0,In service at L2,L2-Tech-2
153,5057.298284413977,,Completed,
161,5086.279841172077,1.0,Finished L1,L1-Tech-3
161,5086.279841172077,2.0,Waiting for L2,
162,5087.525727999383,,Arrived,
162,5087.525727999383,1.0,Waiting for L1,
162,5087.525727999383,1.0,In service at L1,L1-Tech-1
160,5099.089921951999,1.0,Finished L1,L1-Tech-2
160,5099.089921951999,2.0,Waiting for L2,
159,5104.298284413977,2.0,Finished L2,L2-Tech-2
161,5104.298284413977,2.0,In service at L2,L2-Tech-2
159,5104.298284413977,,Completed,
156,5110.8279852557325,2.0,Finished L2,L2-Tech-1
160,5110.8279852557325,2.0,In service at L2,L2-Tech-1
156,5110.8279852557325,,Completed,
163,5113.90263688031,,Arrived,
163,5113.90263688031,1.0,Waiting for L1,
163,5113.90263688031,1.0,In service at L1,L1-Tech-3
162,5126.525727999383,1.0,Finished L1,L1-Tech-1
162,5126.525727999383,,Completed,
163,5145.90263688031,1.0,Finished L1,L1-Tech-3
163,5145.90263688031,2.0,Waiting for L2,
164,5146.237671992062,,Arrived,
164,5146.237671992062,1.0,Waiting for L1,
164,5146.237671992062,1.0,In service at L1,L1-Tech-2
160,5149.8279852557325,2.0,Finished L2,L2-Tech-1
163,5149.8279852557325,2.0,In service at L2,L2-Tech-1
160,5149.8279852557325,3.0,Waiting for L3,
160,5149.8279852557325,3.0,In service at L3,L3-Tech-1
165,5162.2844868079665,,Arrived,
165,5162.2844868079665,1.0,Waiting for L1,
165,5162.2844868079665,1.0,In service at L1,L1-Tech-1
161,5167.298284413977,2.0,Finished L2,L2-Tech-2
161,5167.298284413977,,Completed,
164,5205.237671992062,1.0,Finished L1,L1-Tech-2
164,5205.237671992062,2.0,Waiting for L2,
164,5205.237671992062,2.0,In service at L2,L2-Tech-2
166,5206.340974679749,,Arrived,
166,5206.340974679749,1.0,Waiting for L1,
166,5206.340974679749,1.0,In service at L1,L1-Tech-3
165,5220.2844868079665,1.0,Finished L1,L1-Tech-1
165,5220.2844868079665,2.0,Waiting for L2,
164,5223.237671992062,2.0,Finished L2,L2-Tech-2
165,5223.237671992062,2.0,In service at L2,L2-Tech-2
164,5223.237671992062,,Completed,
160,5225.8279852557325,3.0,Finished L3,L3-Tech-1
160,5225.8279852557325,,Completed,
163,5247.8279852557325,2.0,Finished L2,L2-Tech-1
163,5247.8279852557325,,Completed,
165,5248.237671992062,2.0,Finished L2,L2-Tech-2
165,5248.237671992062,3.0,Waiting for L3,
165,5248.237671992062,3.0,In service at L3,L3-Tech-1
165,5254.237671992062,3.0,Finished L3,L3-Tech-1
165,5254.237671992062,,Completed,
166,5272.340974679749,1.0,Finished L1,L1-Tech-3
166,5272.340974679749,,Completed,
167,5274.849251278039,,Arrived,
167,5274.849251278039,1.0,Waiting for L1,
167,5274.849251278039,1.0,In service at L1,L1-Tech-2
168,5284.51359199424,,Arrived,
168,5284.51359199424,1.0,Waiting for L1,
168,5284.51359199424,1.0,In service at L1,L1-Tech-1
169,5317.339181871483,,Arrived,
169,5317.339181871483,1.0,Waiting for L1,
169,5317.339181871483,1.0,In service at L1,L1-Tech-3
169,5327.339181871483,1.0,Finished L1,L1-Tech-3
169,5327.339181871483,2.0,Waiting for L2,
169,5327.339181871483,2.0,In service at L2,L2-Tech-1
169,5342.339181871483,2.0,Finished L2,L2-Tech-1
169,5342.339181871483,,Completed,
167,5355.849251278039,1.0,Finished L1,L1-Tech-2
167,5355.849251278039,2.0,Waiting for L2,
167,5355.849251278039,2.0,In service at L2,L2-Tech-2
167,5367.849251278039,2.0,Finished L2,L2-Tech-2
167,5367.849251278039,,Completed,
170,5372.120891304483,,Arrived,
170,5372.120891304483,1.0,Waiting for L1,
170,5372.120891304483,1.0,In service at L1,L1-Tech-3
171,5379.183754150289,,Arrived,
171,5379.183754150289,1.0,Waiting for L1,
171,5379.183754150289,1.0,In service at L1,L1-Tech-2
171,5387.183754150289,1.0,Finished L1,L1-Tech-2
171,5387.183754150289,2.0,Waiting for L2,
171,5387.183754150289,2.0,In service at L2,L2-Tech-1
172,5390.733005263578,,Arrived,
172,5390.733005263578,1.0,Waiting for L1,
172,5390.733005263578,1.0,In service at L1,L1-Tech-2
173,5392.994136920621,,Arrived,
173,5392.994136920621,1.0,Waiting for L1,
168,5403.51359199424,1.0,Finished L1,L1-Tech-1
173,5403.51359199424,1.0,In service at L1,L1-Tech-1
168,5403.51359199424,,Completed,
170,5408.120891304483,1.0,Finished L1,L1-Tech-3
170,5408.120891304483,,Completed,
174,5408.606297182315,,Arrived,
174,5408.606297182315,1.0,Waiting for L1,
174,5408.606297182315,1.0,In service at L1,L1-Tech-3
175,5412.234751332037,,Arrived,
175,5412.234751332037,1.0,Waiting for L1,
172,5413.733005263578,1.0,Finished L1,L1-Tech-2
175,5413.733005263578,1.0,In service at L1,L1-Tech-2
172,5413.733005263578,2.0,Waiting for L2,
172,5413.733005263578,2.0,In service at L2,L2-Tech-2
176,5421.904521991342,,Arrived,
176,5421.904521991342,1.0,Waiting for L1,
172,5432.733005263578,2.0,Finished L2,L2-Tech-2
172,5432.733005263578,,Completed,
177,5460.201092444681,,Arrived,
177,5460.201092444681,1.0,Waiting for L1,
175,5462.733005263578,1.0,Finished L1,L1-Tech-2
176,5462.733005263578,1.0,In service at L1,L1-Tech-2
175,5462.733005263578,,Completed,
178,5476.481635042553,,Arrived,
178,5476.481635042553,1.0,Waiting for L1,
179,5479.369433880455,,Arrived,
179,5479.369433880455,1.0,Waiting for L1,
180,5479.72627342641,,Arrived,
180,5479.72627342641,1.0,Waiting for L1,
173,5491.51359199424,1.0,Finished L1,L1-Tech-1
177,5491.51359199424,1.0,In service at L1,L1-Tech-1
173,5491.51359199424,,Completed,
171,5498.183754150289,2.0,Finished L2,L2-Tech-1
171,5498.183754150289,3.0,Waiting for L3,
171,5498.183754150289,3.0,In service at L3,L3-Tech-1
174,5518.606297182315,1.0,Finished L1,L1-Tech-3
178,5518.606297182315,1.0,In service at L1,L1-Tech-3
174,5518.606297182315,,Completed,
176,5518.733005263578,1.0,Finished L1,L1-Tech-2
179,5518.733005263578,1.0,In service at L1,L1-Tech-2
176,5518.733005263578,2.0,Waiting for L2,
176,5518.733005263578,2.0,In service at L2,L2-Tech-2
181,5531.418019401232,,Arrived,
181,5531.418019401232,1.0,Waiting for L1,
182,5553.582259985807,,Arrived,
182,5553.582259985807,1.0,Waiting for L1,
177,5561.51359199424,1.0,Finished L1,L1-Tech-1
180,5561.51359199424,1.0,In service at L1,L1-Tech-1
177,5561.51359199424,2.0,Waiting for L2,
177,5561.51359199424,2.0,In service at L2,L2-Tech-1
178,5575.606297182315,1.0,Finished L1,L1-Tech-3
181,5575.606297182315,1.0,In service at L1,L1-Tech-3
178,5575.606297182315,2.0,Waiting for L2,
181,5580.606297182315,1.0,Finished L1,L1-Tech-3
182,5580.606297182315,1.0,In service at L1,L1-Tech-3
181,5580.606297182315,2.0,Waiting for L2,
183,5581.388547657121,,Arrived,
183,5581.388547657121,1.0,Waiting for L1,
171,5582.183754150289,3.0,Finished L3,L3-Tech-1
171,5582.183754150289,,Completed,
179,5586.733005263578,1.0,Finished L1,L1-Tech-2
183,5586.733005263578,1.0,In service at L1,L1-Tech-2
179,5586.733005263578,2.0,Waiting for L2,
182,5600.606297182315,1.0,Finished L1,L1-Tech-3
182,5600.606297182315,2.0,Waiting for L2,
176,5604.733005263578,2.0,Finished L2,L2-Tech-2
178,5604.733005263578,2.0,In service at L2,L2-Tech-2
176,5604.733005263578,,Completed,
178,5642.733005263578,2.0,Finished L2,L2-Tech-2
181,5642.733005263578,2.0,In service at L2,L2-Tech-2
178,5642.733005263578,,Completed,
180,5662.51359199424,1.0,Finished L1,L1-Tech-1
180,5662.51359199424,,Completed,
177,5667.51359199424,2.0,Finished L2,L2-Tech-1
179,5667.51359199424,2.0,In service at L2,L2-Tech-1
177,5667.51359199424,,Completed,
183,5668.733005263578,1.0,Finished L1,L1-Tech-2
183,5668.733005263578,2.0,Waiting for L2,
184,5675.249250669747,,Arrived,
184,5675.249250669747,1.0,Waiting for L1,
184,5675.249250669747,1.0,In service at L1,L1-Tech-3
185,5692.741870203584,,Arrived,
185,5692.741870203584,1.0,Waiting for L1,
185,5692.741870203584,1.0,In service at L1,L1-Tech-1
186,5696.19927600518,,Arrived,
186,5696.19927600518,1.0,Waiting for L1,
186,5696.19927600518,1.0,In service at L1,L1-Tech-2
184,5700.249250669747,1.0,Finished L1,L1-Tech-3
184,5700.249250669747,2.0,Waiting for L2,
179,5709.51359199424,2.0,Finished L2,L2-Tech-1
182,5709.51359199424,2.0,In service at L2,L2-Tech-1
179,5709.51359199424,3.0,Waiting for L3,
179,5709.51359199424,3.0,In service at L3,L3-Tech-1
187,5712.081941764048,,Arrived,
187,5712.081941764048,1.0,Waiting for L1,
187,5712.081941764048,1.0,In service at L1,L1-Tech-3
188,5722.524391174508,,Arrived,
188,5722.524391174508,1.0,Waiting for L1,
181,5727.733005263578,2.0,Finished L2,L2-Tech-2
183,5727.733005263578,2.0,In service at L2,L2-Tech-2
181,5727.733005263578,,Completed,
186,5728.19927600518,1.0,Finished L1,L1-Tech-2
188,5728.19927600518,1.0,In service at L1,L1-Tech-2
186,5728.19927600518,,Completed,
189,5746.311103883948,,Arrived,
189,5746.311103883948,1.0,Waiting for L1,
182,5747.51359199424,2.0,Finished L2,L2-Tech-1
184,5747.51359199424,2.0,In service at L2,L2-Tech-1
182,5747.51359199424,,Completed,
187,5750.081941764048,1.0,Finished L1,L1-Tech-3
189,5750.081941764048,1.0,In service at L1,L1-Tech-3
187,5750.081941764048,2.0,Waiting for L2,
190,5757.795736028653,,Arrived,
190,5757.795736028653,1.0,Waiting for L1,
183,5758.733005263578,2.0,Finished L2,L2-Tech-2
187,5758.733005263578,2.0,In service at L2,L2-Tech-2
183,5758.733005263578,,Completed,
184,5770.51359199424,2.0,Finished L2,L2-Tech-1
184,5770.51359199424,3.0,Waiting for L3,
179,5775.51359199424,3.0,Finished L3,L3-Tech-1
184,5775.51359199424,3.0,In service at L3,L3-Tech-1
179,5775.51359199424,,Completed,
188,5777.19927600518,1.0,Finished L1,L1-Tech-2
190,5777.19927600518,1.0,In service at L1,L1-Tech-2
188,5777.19927600518,2.0,Waiting for L2,
188,5777.19927600518,2.0,In service at L2,L2-Tech-1
187,5780.733005263578,2.0,Finished L2,L2-Tech-2
187,5780.733005263578,,Completed,
184,5788.51359199424,3.0,Finished L3,L3-Tech-1
184,5788.51359199424,,Completed,
185,5791.741870203584,1.0,Finished L1,L1-Tech-1
185,5791.741870203584,,Completed,
191,5808.032157092494,,Arrived,
191,5808.032157092494,1.0,Waiting for L1,
191,5808.032157092494,1.0,In service at L1,L1-Tech-1
188,5826.19927600518,2.0,Finished L2,L2-Tech-1
188,5826.19927600518,3.0,Waiting for L3,
188,5826.19927600518,3.0,In service at L3,L3-Tech-1
192,5839.083612263115,,Arrived,
192,5839.083612263115,1.0,Waiting for L1,
193,5840.698647333624,,Arrived,
193,5840.698647333624,1.0,Waiting for L1,
194,5848.8329155954525,,Arrived,
194,5848.8329155954525,1.0,Waiting for L1,
188,5850.19927600518,3.0,Finished L3,L3-Tech-1
188,5850.19927600518,,Completed,
189,5856.081941764048,1.0,Finished L1,L1-Tech-3
192,5856.081941764048,1.0,In service at L1,L1-Tech-3
189,5856.081941764048,,Completed,
195,5856.675542987175,,Arrived,
195,5856.675542987175,1.0,Waiting for L1,
192,5866.081941764048,1.0,Finished L1,L1-Tech-3
193,5866.081941764048,1.0,In service at L1,L1-Tech-3
192,5866.081941764048,2.0,Waiting for L2,
192,5866.081941764048,2.0,In service at L2,L2-Tech-2
193,5872.081941764048,1.0,Finished L1,L1-Tech-3
194,5872.081941764048,1.0,In service at L1,L1-Tech-3
193,5872.081941764048,,Completed,
190,5872.19927600518,1.0,Finished L1,L1-Tech-2
195,5872.19927600518,1.0,In service at L1,L1-Tech-2
190,5872.19927600518,2.0,Waiting for L2,
190,5872.19927600518,2.0,In service at L2,L2-Tech-1
191,5877.032157092494,1.0,Finished L1,L1-Tech-1
191,5877.032157092494,2.0,Waiting for L2,
194,5904.081941764048,1.0,Finished L1,L1-Tech-3
194,5904.081941764048,2.0,Waiting for L2,
192,5921.081941764048,2.0,Finished L2,L2-Tech-2
191,5921.081941764048,2.0,In service at L2,L2-Tech-2
192,5921.081941764048,,Completed,
196,5928.9752838362265,,Arrived,
196,5928.9752838362265,1.0,Waiting for L1,
196,5928.9752838362265,1.0,In service at L1,L1-Tech-1
190,5943.19927600518,2.0,Finished L2,L2-Tech-1
194,5943.19927600518,2.0,In service at L2,L2-Tech-1
190,5943.19927600518,3.0,Waiting for L3,
190,5943.19927600518,3.0,In service at L3,L3-Tech-1
196,5948.9752838362265,1.0,Finished L1,L1-Tech-1
196,5948.9752838362265,,Completed,
195,5972.19927600518,1.0,Finished L1,L1-Tech-2
195,5972.19927600518,2.0,Waiting for L2,
194,5985.19927600518,2.0,Finished L2,L2-Tech-1
195,5985.19927600518,2.0,In service at L2,L2-Tech-1
194,5985.19927600518,,Completed,
190,5994.19927600518,3.0,Finished L3,L3-Tech-1
190,5994.19927600518,,Completed,
191,6005.081941764048,2.0,Finished L2,L2-Tech-2
191,6005.081941764048,,Completed,
197,6030.9828655759,,Arrived,
197,6030.9828655759,1.0,Waiting for L1,
197,6030.9828655759,1.0,In service at L1,L1-Tech-3
195,6062.19927600518,2.0,Finished L2,L2-Tech-1
195,6062.19927600518,,Completed,
198,6086.26643773087,,Arrived,
198,6086.26643773087,1.0,Waiting for L1,
198,6086.26643773087,1.0,In service at L1,L1-Tech-1
198,6113.26643773087,1.0,Finished L1,L1-Tech-1
198,6113.26643773087,,Completed,
199,6121.365517976884,,Arrived,
199,6121.365517976884,1.0,Waiting for L1,
199,6121.365517976884,1.0,In service at L1,L1-Tech-2
197,6125.9828655759,1.0,Finished L1,L1-Tech-3
197,6125.9828655759,,Completed,
200,6158.666401497704,,Arrived,
200,6158.666401497704,1.0,Waiting for L1,
200,6158.666401497704,1.0,In service at L1,L1-Tech-1
201,6164.006570906114,,Arrived,
201,6164.006570906114,1.0,Waiting for L1,
201,6164.006570906114,1.0,In service at L1,L1-Tech-3
202,6188.55882295131,,Arrived,
202,6188.55882295131,1.0,Waiting for L1,
203,6200.000882832782,,Arrived,
203,6200.000882832782,1.0,Waiting for L1,
200,6222.666401497704,1.0,Finished L1,L1-Tech-1
202,6222.666401497704,1.0,In service at L1,L1-Tech-1
200,6222.666401497704,,Completed,
201,6226.006570906114,1.0,Finished L1,L1-Tech-3
203,6226.006570906114,1.0,In service at L1,L1-Tech-3
201,6226.006570906114,,Completed,
204,6228.873018422331,,Arrived,
204,6228.873018422331,1.0,Waiting for L1,
205,6236.287957829816,,Arrived,
205,6236.287957829816,1.0,Waiting for L1,
199,6236.365517976884,1.0,Finished L1,L1-Tech-2
204,6236.365517976884,1.0,In service at L1,L1-Tech-2
199,6236.365517976884,,Completed,
206,6249.815259088156,,Arrived,
206,6249.815259088156,1.0,Waiting for L1,
207,6253.41284808545,,Arrived,
207,6253.41284808545,1.0,Waiting for L1,
202,6264.666401497704,1.0,Finished L1,L1-Tech-1
205,6264.666401497704,1.0,In service at L1,L1-Tech-1
202,6264.666401497704,2.0,Waiting for L2,
202,6264.666401497704,2.0,In service at L2,L2-Tech-2
208,6286.246821634835,,Arrived,
208,6286.246821634835,1.0,Waiting for L1,
203,6321.006570906114,1.0,Finished L1,L1-Tech-3
206,6321.006570906114,1.0,In service at L1,L1-Tech-3
203,6321.006570906114,,Completed,
209,6324.489872677582,,Arrived,
209,6324.489872677582,1.0,Waiting for L1,
204,6338.365517976884,1.0,Finished L1,L1-Tech-2
207,6338.365517976884,1.0,In service at L1,L1-Tech-2
204,6338.365517976884,,Completed,
210,6343.6879404428855,,Arrived,
210,6343.6879404428855,1.0,Waiting for L1,
205,6355.666401497704,1.0,Finished L1,L1-Tech-1
208,6355.666401497704,1.0,In service at L1,L1-Tech-1
205,6355.666401497704,,Completed,
211,6356.419434194638,,Arrived,
211,6356.419434194638,1.0,Waiting for L1,
212,6369.419197781281,,Arrived,
212,6369.419197781281,1.0,Waiting for L1,
208,6380.666401497704,1.0,Finished L1,L1-Tech-1
209,6380.666401497704,1.0,In service at L1,L1-Tech-1
208,6380.666401497704,2.0,Waiting for L2,
208,6380.666401497704,2.0,In service at L2,L2-Tech-1
202,6383.666401497704,2.0,Finished L2,L2-Tech-2
202,6383.666401497704,,Completed,
207,6394.365517976884,1.0,Finished L1,L1-Tech-2
210,6394.365517976884,1.0,In service at L1,L1-Tech-2
207,6394.365517976884,2.0,Waiting for L2,
207,6394.365517976884,2.0,In service at L2,L2-Tech-2
213,6400.080584386717,,Arrived,
213,6400.080584386717,1.0,Waiting for L1,
214,6419.289578148313,,Arrived,
214,6419.289578148313,1.0,Waiting for L1,
206,6437.006570906114,1.0,Finished L1,L1-Tech-3
211,6437.006570906114,1.0,In service at L1,L1-Tech-3
206,6437.006570906114,2.0,Waiting for L2,
209,6471.666401497704,1.0,Finished L1,L1-Tech-1
212,6471.666401497704,1.0,In service at L1,L1-Tech-1
209,6471.666401497704,,Completed,
207,6485.365517976884,2.0,Finished L2,L2-Tech-2
206,6485.365517976884,2.0,In service at L2,L2-Tech-2
207,6485.365517976884,3.0,Waiting for L3,
207,6485.365517976884,3.0,In service at L3,L3-Tech-1
210,6495.365517976884,1.0,Finished L1,L1-Tech-2
213,6495.365517976884,1.0,In service at L1,L1-Tech-2
210,6495.365517976884,,Completed,
208,6495.666401497704,2.0,Finished L2,L2-Tech-1
208,6495.666401497704,,Completed,
206,6501.365517976884,2.0,Finished L2,L2-Tech-2
206,6501.365517976884,3.0,Waiting for L3,
211,6502.006570906114,1.0,Finished L1,L1-Tech-3
214,6502.006570906114,1.0,In service at L1,L1-Tech-3
211,6502.006570906114,2.0,Waiting for L2,
211,6502.006570906114,2.0,In service at L2,L2-Tech-1
215,6511.233766630199,,Arrived,
215,6511.233766630199,1.0,Waiting for L1,
213,6519.365517976884,1.0,Finished L1,L1-Tech-2
215,6519.365517976884,1.0,In service at L1,L1-Tech-2
213,6519.365517976884,2.0,Waiting for L2,
213,6519.365517976884,2.0,In service at L2,L2-Tech-2
213,6530.365517976884,2.0,Finished L2,L2-Tech-2
213,6530.365517976884,,Completed,
211,6531.006570906114,2.0,Finished L2,L2-Tech-1
211,6531.006570906114,,Completed,
216,6541.760104278065,,Arrived,
216,6541.760104278065,1.0,Waiting for L1,
207,6574.365517976884,3.0,Finished L3,L3-Tech-1
206,6574.365517976884,3.0,In service at L3,L3-Tech-1
207,6574.365517976884,,Completed,
215,6578.365517976884,1.0,Finished L1,L1-Tech-2
216,6578.365517976884,1.0,In service at L1,L1-Tech-2
215,6578.365517976884,2.0,Waiting for L2,
215,6578.365517976884,2.0,In service at L2,L2-Tech-2
217,6579.933071570827,,Arrived,
217,6579.933071570827,1.0,Waiting for L1,
212,6587.666401497704,1.0,Finished L1,L1-Tech-1
217,6587.666401497704,1.0,In service at L1,L1-Tech-1
212,6587.666401497704,,Completed,
218,6594.765187579898,,Arrived,
218,6594.765187579898,1.0,Waiting for L1,
214,6606.006570906114,1.0,Finished L1,L1-Tech-3
218,6606.006570906114,1.0,In service at L1,L1-Tech-3
214,6606.006570906114,2.0,Waiting for L2,
214,6606.006570906114,2.0,In service at L2,L2-Tech-1
217,6616.666401497704,1.0,Finished L1,L1-Tech-1
217,6616.666401497704,,Completed,
219,6636.451412633182,,Arrived,
219,6636.451412633182,1.0,Waiting for L1,
219,6636.451412633182,1.0,In service at L1,L1-Tech-1
220,6644.026301514427,,Arrived,
220,6644.026301514427,1.0,Waiting for L1,
206,6675.365517976884,3.0,Finished L3,L3-Tech-1
206,6675.365517976884,,Completed,
216,6677.365517976884,1.0,Finished L1,L1-Tech-2
220,6677.365517976884,1.0,In service at L1,L1-Tech-2
216,6677.365517976884,2.0,Waiting for L2,
218,6680.006570906114,1.0,Finished L1,L1-Tech-3
218,6680.006570906114,2.0,Waiting for L2,
215,6684.365517976884,2.0,Finished L2,L2-Tech-2
216,6684.365517976884,2.0,In service at L2,L2-Tech-2
215,6684.365517976884,3.0,Waiting for L3,
215,6684.365517976884,3.0,In service at L3,L3-Tech-1
214,6709.006570906114,2.0,Finished L2,L2-Tech-1
218,6709.006570906114,2.0,In service at L2,L2-Tech-1
214,6709.006570906114,,Completed,
216,6727.365517976884,2.0,Finished L2,L2-Tech-2
216,6727.365517976884,3.0,Waiting for L3,
220,6734.365517976884,1.0,Finished L1,L1-Tech-2
220,6734.365517976884,2.0,Waiting for L2,
220,6734.365517976884,2.0,In service at L2,L2-Tech-2
221,6743.4132930714395,,Arrived,
221,6743.4132930714395,1.0,Waiting for L1,
221,6743.4132930714395,1.0,In service at L1,L1-Tech-3
219,6748.451412633182,1.0,Finished L1,L1-Tech-1
219,6748.451412633182,,Completed,
215,6751.365517976884,3.0,Finished L3,L3-Tech-1
216,6751.365517976884,3.0,In service at L3,L3-Tech-1
215,6751.365517976884,,Completed,
216,6764.365517976884,3.0,Finished L3,L3-Tech-1
216,6764.365517976884,,Completed,
218,6770.006570906114,2.0,Finished L2,L2-Tech-1
218,6770.006570906114,3.0,Waiting for L3,
218,6770.006570906114,3.0,In service at L3,L3-Tech-1
218,6775.006570906114,3.0,Finished L3,L3-Tech-1
218,6775.006570906114,,Completed,
222,6779.040934146042,,Arrived,
222,6779.040934146042,1.0,Waiting for L1,
222,6779.040934146042,1.0,In service at L1,L1-Tech-2
223,6782.126618098668,,Arrived,
223,6782.126618098668,1.0,Waiting for L1,
223,6782.126618098668,1.0,In service at L1,L1-Tech-1
224,6784.897151752409,,Arrived,
224,6784.897151752409,1.0,Waiting for L1,
222,6787.040934146042,1.0,Finished L1,L1-Tech-2
224,6787.040934146042,1.0,In service at L1,L1-Tech-2
222,6787.040934146042,,Completed,
220,6788.365517976884,2.0,Finished L2,L2-Tech-2
220,6788.365517976884,,Completed,
223,6791.126618098668,1.0,Finished L1,L1-Tech-1
223,6791.126618098668,,Completed,
224,6798.040934146042,1.0,Finished L1,L1-Tech-2
224,6798.040934146042,,Completed,
221,6807.4132930714395,1.0,Finished L1,L1-Tech-3
221,6807.4132930714395,,Completed,
225,6834.550267410016,,Arrived,
225,6834.550267410016,1.0,Waiting for L1,
225,6834.550267410016,1.0,In service at L1,L1-Tech-1
225,6938.550267410016,1.0,Finished L1,L1-Tech-1
225,6938.550267410016,,Completed,
226,6979.847258418679,,Arrived,
226,6979.847258418679,1.0,Waiting for L1,
226,6979.847258418679,1.0,In service at L1,L1-Tech-2
226,6989.847258418679,1.0,Finished L1,L1-Tech-2
226,6989.847258418679,,Completed,
227,6998.346019361618,,Arrived,
227,6998.346019361618,1.0,Waiting for L1,
227,6998.346019361618,1.0,In service at L1,L1-Tech-3
228,7029.686473771344,,Arrived,
228,7029.686473771344,1.0,Waiting for L1,
228,7029.686473771344,1.0,In service at L1,L1-Tech-1
229,7051.123033218425,,Arrived,
229,7051.123033218425,1.0,Waiting for L1,
229,7051.123033218425,1.0,In service at L1,L1-Tech-2
228,7056.686473771344,1.0,Finished L1,L1-Tech-1
228,7056.686473771344,2.0,Waiting for L2,
228,7056.686473771344,2.0,In service at L2,L2-Tech-1
230,7074.803441072892,,Arrived,
230,7074.803441072892,1.0,Waiting for L1,
230,7074.803441072892,1.0,In service at L1,L1-Tech-1
229,7081.123033218425,1.0,Finished L1,L1-Tech-2
229,7081.123033218425,,Completed,
230,7101.803441072892,1.0,Finished L1,L1-Tech-1
230,7101.803441072892,2.0,Waiting for L2,
230,7101.803441072892,2.0,In service at L2,L2-Tech-2
227,7112.346019361618,1.0,Finished L1,L1-Tech-3
227,7112.346019361618,2.0,Waiting for L2,
228,7137.686473771344,2.0,Finished L2,L2-Tech-1
227,7137.686473771344,2.0,In service at L2,L2-Tech-1
228,7137.686473771344,,Completed,
231,7162.5027277216495,,Arrived,
231,7162.5027277216495,1.0,Waiting for L1,
231,7162.5027277216495,1.0,In service at L1,L1-Tech-2
231,7184.5027277216495,1.0,Finished L1,L1-Tech-2
231,7184.5027277216495,,Completed,
230,7215.803441072892,2.0,Finished L2,L2-Tech-2
230,7215.803441072892,3.0,Waiting for L3,
230,7215.803441072892,3.0,In service at L3,L3-Tech-1
227,7225.686473771344,2.0,Finished L2,L2-Tech-1
227,7225.686473771344,3.0,Waiting for L3,
230,7248.803441072892,3.0,Finished L3,L3-Tech-1
227,7248.803441072892,3.0,In service at L3,L3-Tech-1
230,7248.803441072892,,Completed,
232,7333.986422895259,,Arrived,
232,7333.986422895259,1.0,Waiting for L1,
232,7333.986422895259,1.0,In service at L1,L1-Tech-1
227,7354.803441072892,3.0,Finished L3,L3-Tech-1
227,7354.803441072892,,Completed,
232,7355.986422895259,1.0,Finished L1,L1-Tech-1
232,7355.986422895259,,Completed,
233,7360.477320522205,,Arrived,
233,7360.477320522205,1.0,Waiting for L1,
233,7360.477320522205,1.0,In service at L1,L1-Tech-3
234,7379.247323909954,,Arrived,
234,7379.247323909954,1.0,Waiting for L1,
234,7379.247323909954,1.0,In service at L1,L1-Tech-2
233,7411.477320522205,1.0,Finished L1,L1-Tech-3
233,7411.477320522205,2.0,Waiting for L2,
233,7411.477320522205,2.0,In service at L2,L2-Tech-2
235,7419.024919734574,,Arrived,
235,7419.024919734574,1.0,Waiting for L1,
235,7419.024919734574,1.0,In service at L1,L1-Tech-1
233,7473.477320522205,2.0,Finished L2,L2-Tech-2
233,7473.477320522205,,Completed,
235,7484.024919734574,1.0,Finished L1,L1-Tech-1
235,7484.024919734574,,Completed,
234,7484.247323909954,1.0,Finished L1,L1-Tech-2
234,7484.247323909954,,Completed,
236,7485.825134410308,,Arrived,
236,7485.825134410308,1.0,Waiting for L1,
236,7485.825134410308,1.0,In service at L1,L1-Tech-3
236,7544.825134410308,1.0,Finished L1,L1-Tech-3
236,7544.825134410308,2.0,Waiting for L2,
236,7544.825134410308,2.0,In service at L2,L2-Tech-1
237,7558.64875705948,,Arrived,
237,7558.64875705948,1.0,Waiting for L1,
237,7558.64875705948,1.0,In service at L1,L1-Tech-1
237,7571.64875705948,1.0,Finished L1,L1-Tech-1
237,7571.64875705948,,Completed,
236,7599.825134410308,2.0,Finished L2,L2-Tech-1
236,7599.825134410308,3.0,Waiting for L3,
236,7599.825134410308,3.0,In service at L3,L3-Tech-1
238,7609.026867148241,,Arrived,
238,7609.026867148241,1.0,Waiting for L1,
238,7609.026867148241,1.0,In service at L1,L1-Tech-2
239,7630.536489912473,,Arrived,
239,7630.536489912473,1.0,Waiting for L1,
239,7630.536489912473,1.0,In service at L1,L1-Tech-3
238,7641.026867148241,1.0,Finished L1,L1-Tech-2
238,7641.026867148241,2.0,Waiting for L2,
238,7641.026867148241,2.0,In service at L2,L2-Tech-2
240,7647.940859882931,,Arrived,
240,7647.940859882931,1.0,Waiting for L1,
240,7647.940859882931,1.0,In service at L1,L1-Tech-1
241,7657.349297619824,,Arrived,
241,7657.349297619824,1.0,Waiting for L1,
241,7657.349297619824,1.0,In service at L1,L1-Tech-2
242,7664.674207809667,,Arrived,
242,7664.674207809667,1.0,Waiting for L1,
236,7695.825134410308,3.0,Finished L3,L3-Tech-1
236,7695.825134410308,,Completed,
238,7698.026867148241,2.0,Finished L2,L2-Tech-2
238,7698.026867148241,,Completed,
240,7701.940859882931,1.0,Finished L1,L1-Tech-1
242,7701.940859882931,1.0,In service at L1,L1-Tech-1
240,7701.940859882931,2.0,Waiting for L2,
240,7701.940859882931,2.0,In service at L2,L2-Tech-1
239,7704.536489912473,1.0,Finished L1,L1-Tech-3
239,7704.536489912473,,Completed,
243,7705.44532615125,,Arrived,
243,7705.44532615125,1.0,Waiting for L1,
243,7705.44532615125,1.0,In service at L1,L1-Tech-3
244,7709.728857865661,,Arrived,
244,7709.728857865661,1.0,Waiting for L1,
241,7716.349297619824,1.0,Finished L1,L1-Tech-2
244,7716.349297619824,1.0,In service at L1,L1-Tech-2
241,7716.349297619824,2.0,Waiting for L2,
241,7716.349297619824,2.0,In service at L2,L2-Tech-2
240,7731.940859882931,2.0,Finished L2,L2-Tech-1
240,7731.940859882931,,Completed,
245,7740.108279806874,,Arrived,
245,7740.108279806874,1.0,Waiting for L1,
246,7756.6200226462215,,Arrived,
246,7756.6200226462215,1.0,Waiting for L1,
247,7772.369164793228,,Arrived,
247,7772.369164793228,1.0,Waiting for L1,
248,7778.959402649257,,Arrived,
248,7778.959402649257,1.0,Waiting for L1,
249,7784.7221180423485,,Arrived,
249,7784.7221180423485,1.0,Waiting for L1,
242,7806.940859882931,1.0,Finished L1,L1-Tech-1
245,7806.940859882931,1.0,In service at L1,L1-Tech-1
242,7806.940859882931,2.0,Waiting for L2,
242,7806.940859882931,2.0,In service at L2,L2-Tech-1
244,7812.349297619824,1.0,Finished L1,L1-Tech-2
246,7812.349297619824,1.0,In service at L1,L1-Tech-2
244,7812.349297619824,2.0,Waiting for L2,
241,7822.349297619824,2.0,Finished L2,L2-Tech-2
244,7822.349297619824,2.0,In service at L2,L2-Tech-2
241,7822.349297619824,3.0,Waiting for L3,
241,7822.349297619824,3.0,In service at L3,L3-Tech-1
243,7822.44532615125,1.0,Finished L1,L1-Tech-3
247,7822.44532615125,1.0,In service at L1,L1-Tech-3
243,7822.44532615125,2.0,Waiting for L2,
245,7845.940859882931,1.0,Finished L1,L1-Tech-1
248,7845.940859882931,1.0,In service at L1,L1-Tech-1
245,7845.940859882931,2.0,Waiting for L2,
244,7857.349297619824,2.0,Finished L2,L2-Tech-2
243,7857.349297619824,2.0,In service at L2,L2-Tech-2
244,7857.349297619824,3.0,Waiting for L3,
250,7861.55347616436,,Arrived,
250,7861.55347616436,1.0,Waiting for L1,
247,7866.44532615125,1.0,Finished L1,L1-Tech-3
249,7866.44532615125,1.0,In service at L1,L1-Tech-3
247,7866.44532615125,,Completed,
249,7871.44532615125,1.0,Finished L1,L1-Tech-3
250,7871.44532615125,1.0,In service at L1,L1-Tech-3
249,7871.44532615125,,Completed,
246,7872.349297619824,1.0,Finished L1,L1-Tech-2
246,7872.349297619824,2.0,Waiting for L2,
251,7880.3965887986315,,Arrived,
251,7880.3965887986315,1.0,Waiting for L1,
251,7880.3965887986315,1.0,In service at L1,L1-Tech-2
241,7889.349297619824,3.0,Finished L3,L3-Tech-1
244,7889.349297619824,3.0,In service at L3,L3-Tech-1
241,7889.349297619824,,Completed,
248,7891.940859882931,1.0,Finished L1,L1-Tech-1
248,7891.940859882931,2.0,Waiting for L2,
242,7896.940859882931,2.0,Finished L2,L2-Tech-1
245,7896.940859882931,2.0,In service at L2,L2-Tech-1
242,7896.940859882931,,Completed,
245,7919.940859882931,2.0,Finished L2,L2-Tech-1
246,7919.940859882931,2.0,In service at L2,L2-Tech-1
245,7919.940859882931,3.0,Waiting for L3,
252,7923.4096872093505,,Arrived,
252,7923.4096872093505,1.0,Waiting for L1,
252,7923.4096872093505,1.0,In service at L1,L1-Tech-1
243,7953.349297619824,2.0,Finished L2,L2-Tech-2
248,7953.349297619824,2.0,In service at L2,L2-Tech-2
243,7953.349297619824,,Completed,
250,7969.44532615125,1.0,Finished L1,L1-Tech-3
250,7969.44532615125,2.0,Waiting for L2,
246,7975.940859882931,2.0,Finished L2,L2-Tech-1
250,7975.940859882931,2.0,In service at L2,L2-Tech-1
246,7975.940859882931,3.0,Waiting for L3,
252,7982.4096872093505,1.0,Finished L1,L1-Tech-1
252,7982.4096872093505,,Completed,
251,7989.3965887986315,1.0,Finished L1,L1-Tech-2
251,7989.3965887986315,2.0,Waiting for L2,
248,7992.349297619824,2.0,Finished L2,L2-Tech-2
251,7992.349297619824,2.0,In service at L2,L2-Tech-2
248,7992.349297619824,,Completed,
244,8000.349297619824,3.0,Finished L3,L3-Tech-1
245,8000.349297619824,3.0,In service at L3,L3-Tech-1
244,8000.349297619824,,Completed,
251,8015.349297619824,2.0,Finished L2,L2-Tech-2
251,8015.349297619824,3.0,Waiting for L3,
245,8025.349297619824,3.0,Finished L3,L3-Tech-1
246,8025.349297619824,3.0,In service at L3,L3-Tech-1
245,8025.349297619824,,Completed,
253,8062.542313528983,,Arrived,
253,8062.542313528983,1.0,Waiting for L1,
253,8062.542313528983,1.0,In service at L1,L1-Tech-3
254,8078.09698341622,,Arrived,
254,8078.09698341622,1.0,Waiting for L1,
254,8078.09698341622,1.0,In service at L1,L1-Tech-1
246,8078.349297619824,3.0,Finished L3,L3-Tech-1
251,8078.349297619824,3.0,In service at L3,L3-Tech-1
246,8078.349297619824,,Completed,
250,8083.940859882931,2.0,Finished L2,L2-Tech-1
250,8083.940859882931,,Completed,
255,8099.288742772565,,Arrived,
255,8099.288742772565,1.0,Waiting for L1,
255,8099.288742772565,1.0,In service at L1,L1-Tech-2
251,8122.349297619824,3.0,Finished L3,L3-Tech-1
251,8122.349297619824,,Completed,
256,8123.315070410378,,Arrived,
256,8123.315070410378,1.0,Waiting for L1,
257,8133.685267961449,,Arrived,
257,8133.685267961449,1.0,Waiting for L1,
255,8147.288742772565,1.0,Finished L1,L1-Tech-2
256,8147.288742772565,1.0,In service at L1,L1-Tech-2
255,8147.288742772565,2.0,Waiting for L2,
255,8147.288742772565,2.0,In service at L2,L2-Tech-2
254,8155.09698341622,1.0,Finished L1,L1-Tech-1
257,8155.09698341622,1.0,In service at L1,L1-Tech-1
254,8155.09698341622,,Completed,
258,8168.344426614429,,Arrived,
258,8168.344426614429,1.0,Waiting for L1,
253,8177.542313528983,1.0,Finished L1,L1-Tech-3
258,8177.542313528983,1.0,In service at L1,L1-Tech-3
253,8177.542313528983,2.0,Waiting for L2,
253,8177.542313528983,2.0,In service at L2,L2-Tech-1
257,8181.09698341622,1.0,Finished L1,L1-Tech-1
257,8181.09698341622,2.0,Waiting for L2,
258,8231.542313528982,1.0,Finished L1,L1-Tech-3
258,8231.542313528982,2.0,Waiting for L2,
255,8239.288742772565,2.0,Finished L2,L2-Tech-2
257,8239.288742772565,2.0,In service at L2,L2-Tech-2
255,8239.288742772565,,Completed,
253,8239.542313528982,2.0,Finished L2,L2-Tech-1
258,8239.542313528982,2.0,In service at L2,L2-Tech-1
253,8239.542313528982,3.0,Waiting for L3,
253,8239.542313528982,3.0,In service at L3,L3-Tech-1
253,8247.542313528982,3.0,Finished L3,L3-Tech-1
253,8247.542313528982,,Completed,
256,8256.288742772565,1.0,Finished L1,L1-Tech-2
256,8256.288742772565,2.0,Waiting for L2,
258,8269.542313528982,2.0,Finished L2,L2-Tech-1
256,8269.542313528982,2.0,In service at L2,L2-Tech-1
258,8269.542313528982,,Completed,
259,8280.120632296894,,Arrived,
259,8280.120632296894,1.0,Waiting for L1,
259,8280.120632296894,1.0,In service at L1,L1-Tech-1
257,8314.288742772565,2.0,Finished L2,L2-Tech-2
257,8314.288742772565,,Completed,
260,8318.175472229264,,Arrived,
260,8318.175472229264,1.0,Waiting for L1,
260,8318.175472229264,1.0,In service at L1,L1-Tech-3
260,8364.175472229264,1.0,Finished L1,L1-Tech-3
260,8364.175472229264,,Completed,
256,8367.542313528982,2.0,Finished L2,L2-Tech-1
256,8367.542313528982,,Completed,
259,8372.120632296894,1.0,Finished L1,L1-Tech-1
259,8372.120632296894,2.0,Waiting for L2,
259,8372.120632296894,2.0,In service at L2,L2-Tech-2
261,8402.165290746132,,Arrived,
261,8402.165290746132,1.0,Waiting for L1,
261,8402.165290746132,1.0,In service at L1,L1-Tech-2
262,8419.72260673203,,Arrived,
262,8419.72260673203,1.0,Waiting for L1,
262,8419.72260673203,1.0,In service at L1,L1-Tech-3
259,8440.120632296894,2.0,Finished L2,L2-Tech-2
259,8440.120632296894,,Completed,
263,8462.856596311454,,Arrived,
263,8462.856596311454,1.0,Waiting for L1,
263,8462.856596311454,1.0,In service at L1,L1-Tech-1
263,8469.856596311454,1.0,Finished L1,L1-Tech-1
263,8469.856596311454,2.0,Waiting for L2,
263,8469.856596311454,2.0,In service at L2,L2-Tech-1
261,8510.165290746132,1.0,Finished L1,L1-Tech-2
261,8510.165290746132,,Completed,
262,8528.72260673203,1.0,Finished L1,L1-Tech-3
262,8528.72260673203,,Completed,
263,8550.856596311454,2.0,Finished L2,L2-Tech-1
263,8550.856596311454,3.0,Waiting for L3,
263,8550.856596311454,3.0,In service at L3,L3-Tech-1
264,8553.013233807274,,Arrived,
264,8553.013233807274,1.0,Waiting for L1,
264,8553.013233807274,1.0,In service at L1,L1-Tech-1
264,8562.013233807274,1.0,Finished L1,L1-Tech-1
264,8562.013233807274,2.0,Waiting for L2,
264,8562.013233807274,2.0,In service at L2,L2-Tech-2
265,8563.701524460635,,Arrived,
265,8563.701524460635,1.0,Waiting for L1,
265,8563.701524460635,1.0,In service at L1,L1-Tech-2
266,8574.625608892797,,Arrived,
266,8574.625608892797,1.0,Waiting for L1,
266,8574.625608892797,1.0,In service at L1,L1-Tech-3
264,8598.013233807274,2.0,Finished L2,L2-Tech-2
264,8598.013233807274,,Completed,
267,8600.511403667268,,Arrived,
267,8600.511403667268,1.0,Waiting for L1,
267,8600.511403667268,1.0,In service at L1,L1-Tech-1
263,8612.856596311454,3.0,Finished L3,L3-Tech-1
263,8612.856596311454,,Completed,
268,8614.252325389989,,Arrived,
268,8614.252325389989,1.0,Waiting for L1,
266,8658.625608892797,1.0,Finished L1,L1-Tech-3
268,8658.625608892797,1.0,In service at L1,L1-Tech-3
266,8658.625608892797,2.0,Waiting for L2,
266,8658.625608892797,2.0,In service at L2,L2-Tech-1
269,8659.659375181542,,Arrived,
269,8659.659375181542,1.0,Waiting for L1,
268,8664.625608892797,1.0,Finished L1,L1-Tech-3
269,8664.625608892797,1.0,In service at L1,L1-Tech-3
268,8664.625608892797,,Completed,
265,8672.701524460635,1.0,Finished L1,L1-Tech-2
265,8672.701524460635,,Completed,
269,8696.625608892797,1.0,Finished L1,L1-Tech-3
269,8696.625608892797,,Completed,
267,8708.511403667268,1.0,Finished L1,L1-Tech-1
267,8708.511403667268,,Completed,
270,8716.508649825453,,Arrived,
270,8716.508649825453,1.0,Waiting for L1,
270,8716.508649825453,1.0,In service at L1,L1-Tech-2
271,8717.18526362545,,Arrived,
271,8717.18526362545,1.0,Waiting for L1,
271,8717.18526362545,1.0,In service at L1,L1-Tech-3
272,8719.074952991323,,Arrived,
272,8719.074952991323,1.0,Waiting for L1,
272,8719.074952991323,1.0,In service at L1,L1-Tech-1
273,8729.316552495024,,Arrived,
273,8729.316552495024,1.0,Waiting for L1,
271,8737.18526362545,1.0,Finished L1,L1-Tech-3
273,8737.18526362545,1.0,In service at L1,L1-Tech-3
271,8737.18526362545,2.0,Waiting for L2,
271,8737.18526362545,2.0,In service at L2,L2-Tech-2
266,8766.625608892797,2.0,Finished L2,L2-Tech-1
266,8766.625608892797,,Completed,
271,8775.18526362545,2.0,Finished L2,L2-Tech-2
271,8775.18526362545,,Completed,
274,8798.926005503112,,Arrived,
274,8798.926005503112,1.0,Waiting for L1,
275,8805.832328492741,,Arrived,
275,8805.832328492741,1.0,Waiting for L1,
270,8814.508649825453,1.0,Finished L1,L1-Tech-2
274,8814.508649825453,1.0,In service at L1,L1-Tech-2
270,8814.508649825453,,Completed,
272,8825.074952991323,1.0,Finished L1,L1-Tech-1
275,8825.074952991323,1.0,In service at L1,L1-Tech-1
272,8825.074952991323,,Completed,
273,8856.18526362545,1.0,Finished L1,L1-Tech-3
273,8856.18526362545,,Completed,
276,8875.534347540943,,Arrived,
276,8875.534347540943,1.0,Waiting for L1,
276,8875.534347540943,1.0,In service at L1,L1-Tech-3
277,8878.06913826766,,Arrived,
277,8878.06913826766,1.0,Waiting for L1,
274,8881.508649825453,1.0,Finished L1,L1-Tech-2
277,8881.508649825453,1.0,In service at L1,L1-Tech-2
274,8881.508649825453,2.0,Waiting for L2,
274,8881.508649825453,2.0,In service at L2,L2-Tech-1
278,8883.502215754135,,Arrived,
278,8883.502215754135,1.0,Waiting for L1,
276,8886.534347540943,1.0,Finished L1,L1-Tech-3
278,8886.534347540943,1.0,In service at L1,L1-Tech-3
276,8886.534347540943,2.0,Waiting for L2,
276,8886.534347540943,2.0,In service at L2,L2-Tech-2
275,8891.074952991323,1.0,Finished L1,L1-Tech-1
275,8891.074952991323,,Completed,
279,8914.690754465018,,Arrived,
279,8914.690754465018,1.0,Waiting for L1,
279,8914.690754465018,1.0,In service at L1,L1-Tech-1
280,8926.056997162656,,Arrived,
280,8926.056997162656,1.0,Waiting for L1,
279,8938.690754465018,1.0,Finished L1,L1-Tech-1
280,8938.690754465018,1.0,In service at L1,L1-Tech-1
279,8938.690754465018,,Completed,
276,8950.534347540943,2.0,Finished L2,L2-Tech-2
276,8950.534347540943,,Completed,
274,8968.508649825453,2.0,Finished L2,L2-Tech-1
274,8968.508649825453,3.0,Waiting for L3,
274,8968.508649825453,3.0,In service at L3,L3-Tech-1
281,8970.781768728137,,Arrived,
281,8970.781768728137,1.0,Waiting for L1,
277,8972.508649825453,1.0,Finished L1,L1-Tech-2
281,8972.508649825453,1.0,In service at L1,L1-Tech-2
277,8972.508649825453,,Completed,
278,8977.534347540943,1.0,Finished L1,L1-Tech-3
278,8977.534347540943,,Completed,
282,9020.74686168787,,Arrived,
282,9020.74686168787,1.0,Waiting for L1,
282,9020.74686168787,1.0,In service at L1,L1-Tech-3
280,9038.690754465018,1.0,Finished L1,L1-Tech-1
280,9038.690754465018,2.0,Waiting for L2,
280,9038.690754465018,2.0,In service at L2,L2-Tech-2
282,9045.74686168787,1.0,Finished L1,L1-Tech-3
282,9045.74686168787,2.0,Waiting for L2,
282,9045.74686168787,2.0,In service at L2,L2-Tech-1
274,9047.508649825453,3.0,Finished L3,L3-Tech-1
274,9047.508649825453,,Completed,
281,9054.508649825453,1.0,Finished L1,L1-Tech-2
281,9054.508649825453,2.0,Waiting for L2,
282,9060.74686168787,2.0,Finished L2,L2-Tech-1
281,9060.74686168787,2.0,In service at L2,L2-Tech-1
282,9060.74686168787,,Completed,
283,9084.367693432565,,Arrived,
283,9084.367693432565,1.0,Waiting for L1,
283,9084.367693432565,1.0,In service at L1,L1-Tech-1
280,9115.690754465018,2.0,Finished L2,L2-Tech-2
280,9115.690754465018,,Completed,
283,9130.367693432565,1.0,Finished L1,L1-Tech-1
283,9130.367693432565,,Completed,
281,9131.74686168787,2.0,Finished L2,L2-Tech-1
281,9131.74686168787,3.0,Waiting for L3,
281,9131.74686168787,3.0,In service at L3,L3-Tech-1
284,9156.393195951834,,Arrived,
284,9156.393195951834,1.0,Waiting for L1,
284,9156.393195951834,1.0,In service at L1,L1-Tech-3
284,9172.393195951834,1.0,Finished L1,L1-Tech-3
284,9172.393195951834,,Completed,
285,9209.048995275833,,Arrived,
285,9209.048995275833,1.0,Waiting for L1,
285,9209.048995275833,1.0,In service at L1,L1-Tech-2
286,9235.419827074204,,Arrived,
286,9235.419827074204,1.0,Waiting for L1,
286,9235.419827074204,1.0,In service at L1,L1-Tech-1
287,9249.382647267857,,Arrived,
287,9249.382647267857,1.0,Waiting for L1,
287,9249.382647267857,1.0,In service at L1,L1-Tech-3
281,9250.74686168787,3.0,Finished L3,L3-Tech-1
281,9250.74686168787,,Completed,
286,9305.419827074204,1.0,Finished L1,L1-Tech-1
286,9305.419827074204,,Completed,
285,9307.048995275833,1.0,Finished L1,L1-Tech-2
285,9307.048995275833,2.0,Waiting for L2,
285,9307.048995275833,2.0,In service at L2,L2-Tech-2
288,9320.858301348968,,Arrived,
288,9320.858301348968,1.0,Waiting for L1,
288,9320.858301348968,1.0,In service at L1,L1-Tech-1
287,9339.382647267857,1.0,Finished L1,L1-Tech-3
287,9339.382647267857,,Completed,
288,9345.858301348968,1.0,Finished L1,L1-Tech-1
288,9345.858301348968,2.0,Waiting for L2,
288,9345.858301348968,2.0,In service at L2,L2-Tech-1
288,9368.858301348968,2.0,Finished L2,L2-Tech-1
288,9368.858301348968,3.0,Waiting for L3,
288,9368.858301348968,3.0,In service at L3,L3-Tech-1
285,9373.048995275833,2.0,Finished L2,L2-Tech-2
285,9373.048995275833,3.0,Waiting for L3,
288,9381.858301348968,3.0,Finished L3,L3-Tech-1
285,9381.858301348968,3.0,In service at L3,L3-Tech-1
288,9381.858301348968,,Completed,
289,9389.821884785239,,Arrived,
289,9389.821884785239,1.0,Waiting for L1,
289,9389.821884785239,1.0,In service at L1,L1-Tech-2
289,9394.821884785239,1.0,Finished L1,L1-Tech-2
289,9394.821884785239,,Completed,
290,9397.871933421511,,Arrived,
290,9397.871933421511,1.0,Waiting for L1,
290,9397.871933421511,1.0,In service at L1,L1-Tech-3
291,9433.150017441058,,Arrived,
291,9433.150017441058,1.0,Waiting for L1,
291,9433.150017441058,1.0,In service at L1,L1-Tech-1
285,9446.858301348968,3.0,Finished L3,L3-Tech-1
285,9446.858301348968,,Completed,
291,9447.150017441058,1.0,Finished L1,L1-Tech-1
291,9447.150017441058,,Completed,
290,9456.871933421511,1.0,Finished L1,L1-Tech-3
290,9456.871933421511,2.0,Waiting for L2,
290,9456.871933421511,2.0,In service at L2,L2-Tech-1
292,9480.65531727853,,Arrived,
292,9480.65531727853,1.0,Waiting for L1,
292,9480.65531727853,1.0,In service at L1,L1-Tech-2
293,9486.845985772681,,Arrived,
293,9486.845985772681,1.0,Waiting for L1,
293,9486.845985772681,1.0,In service at L1,L1-Tech-1
294,9502.054627305157,,Arrived,
294,9502.054627305157,1.0,Waiting for L1,
294,9502.054627305157,1.0,In service at L1,L1-Tech-3
295,9505.078318445168,,Arrived,
295,9505.078318445168,1.0,Waiting for L1,
296,9509.140424723857,,Arrived,
296,9509.140424723857,1.0,Waiting for L1,
294,9526.054627305157,1.0,Finished L1,L1-Tech-3
295,9526.054627305157,1.0,In service at L1,L1-Tech-3
294,9526.054627305157,,Completed,
290,9530.871933421511,2.0,Finished L2,L2-Tech-1
290,9530.871933421511,,Completed,
293,9545.845985772681,1.0,Finished L1,L1-Tech-1
296,9545.845985772681,1.0,In service at L1,L1-Tech-1
293,9545.845985772681,2.0,Waiting for L2,
293,9545.845985772681,2.0,In service at L2,L2-Tech-2
292,9568.65531727853,1.0,Finished L1,L1-Tech-2
292,9568.65531727853,,Completed,
295,9570.054627305157,1.0,Finished L1,L1-Tech-3
295,9570.054627305157,2.0,Waiting for L2,
295,9570.054627305157,2.0,In service at L2,L2-Tech-1
296,9596.845985772681,1.0,Finished L1,L1-Tech-1
296,9596.845985772681,2.0,Waiting for L2,
